"SteuerJahr","QuarSort","QuarLang","SteuerTarifSort","SteuerTarifLang","SteuerVermoegen_p50","SteuerVermoegen_p25","SteuerVermoegen_p75"
1999,11,"Rathaus",0,"Grundtarif",19,0,149
1999,11,"Rathaus",1,"Verheiratetentarif",191,30,792
1999,11,"Rathaus",2,"Einelternfamilientarif",22.5,0,395
1999,12,"Hochschulen",0,"Grundtarif",28,0,186
1999,12,"Hochschulen",1,"Verheiratetentarif",249,37,724.5
1999,12,"Hochschulen",2,"Einelternfamilientarif",,,
1999,13,"Lindenhof",0,"Grundtarif",57,2,327.5
1999,13,"Lindenhof",1,"Verheiratetentarif",307,32,1480
1999,13,"Lindenhof",2,"Einelternfamilientarif",,,
1999,14,"City",0,"Grundtarif",12,0,95.5
1999,14,"City",1,"Verheiratetentarif",45,1,268
1999,14,"City",2,"Einelternfamilientarif",,,
1999,21,"Wollishofen",0,"Grundtarif",39,4,184
1999,21,"Wollishofen",1,"Verheiratetentarif",138.5,35,427.5
1999,21,"Wollishofen",2,"Einelternfamilientarif",6,0,53
1999,23,"Leimbach",0,"Grundtarif",31,2,138
1999,23,"Leimbach",1,"Verheiratetentarif",120,25,370
1999,23,"Leimbach",2,"Einelternfamilientarif",10,0,55
1999,24,"Enge",0,"Grundtarif",37,1,213
1999,24,"Enge",1,"Verheiratetentarif",200.5,33.5,731
1999,24,"Enge",2,"Einelternfamilientarif",9,0,99
1999,31,"Alt-Wiedikon",0,"Grundtarif",22,0,113
1999,31,"Alt-Wiedikon",1,"Verheiratetentarif",63,0,266
1999,31,"Alt-Wiedikon",2,"Einelternfamilientarif",0.5,0,38
1999,33,"Friesenberg",0,"Grundtarif",20,0,96
1999,33,"Friesenberg",1,"Verheiratetentarif",77,12,207
1999,33,"Friesenberg",2,"Einelternfamilientarif",2,0,39
1999,34,"Sihlfeld",0,"Grundtarif",14,0,85
1999,34,"Sihlfeld",1,"Verheiratetentarif",39,0,186
1999,34,"Sihlfeld",2,"Einelternfamilientarif",0,0,22
1999,41,"Werd",0,"Grundtarif",10,0,67
1999,41,"Werd",1,"Verheiratetentarif",15,0,149
1999,41,"Werd",2,"Einelternfamilientarif",0,0,30
1999,42,"Langstrasse",0,"Grundtarif",2,0,39
1999,42,"Langstrasse",1,"Verheiratetentarif",5,0,95
1999,42,"Langstrasse",2,"Einelternfamilientarif",0,0,9
1999,44,"Hard",0,"Grundtarif",8,0,59
1999,44,"Hard",1,"Verheiratetentarif",9,0,94
1999,44,"Hard",2,"Einelternfamilientarif",0,0,12
1999,51,"Gewerbeschule",0,"Grundtarif",6,0,50
1999,51,"Gewerbeschule",1,"Verheiratetentarif",13,0,103
1999,51,"Gewerbeschule",2,"Einelternfamilientarif",0,0,24
1999,52,"Escher Wyss",0,"Grundtarif",9,0,67
1999,52,"Escher Wyss",1,"Verheiratetentarif",40.5,0,211
1999,52,"Escher Wyss",2,"Einelternfamilientarif",9.5,0,88
1999,61,"Unterstrass",0,"Grundtarif",35,2,151
1999,61,"Unterstrass",1,"Verheiratetentarif",116,20,342
1999,61,"Unterstrass",2,"Einelternfamilientarif",10,0,64.5
1999,63,"Oberstrass",0,"Grundtarif",46,4,221
1999,63,"Oberstrass",1,"Verheiratetentarif",246,48,876
1999,63,"Oberstrass",2,"Einelternfamilientarif",39.5,2,203.5
1999,71,"Fluntern",0,"Grundtarif",69,7,428
1999,71,"Fluntern",1,"Verheiratetentarif",473,102,1766
1999,71,"Fluntern",2,"Einelternfamilientarif",80,5,351
1999,72,"Hottingen",0,"Grundtarif",48,4,274
1999,72,"Hottingen",1,"Verheiratetentarif",288,61,1098
1999,72,"Hottingen",2,"Einelternfamilientarif",30,0,156
1999,73,"Hirslanden",0,"Grundtarif",44,6,211
1999,73,"Hirslanden",1,"Verheiratetentarif",220,51,807
1999,73,"Hirslanden",2,"Einelternfamilientarif",23,0,105
1999,74,"Witikon",0,"Grundtarif",77,10,360
1999,74,"Witikon",1,"Verheiratetentarif",297,82,928
1999,74,"Witikon",2,"Einelternfamilientarif",32,0,168
1999,81,"Seefeld",0,"Grundtarif",34,0,180
1999,81,"Seefeld",1,"Verheiratetentarif",174,34,541
1999,81,"Seefeld",2,"Einelternfamilientarif",16.5,0,84.5
1999,82,"Mühlebach",0,"Grundtarif",34,2,167
1999,82,"Mühlebach",1,"Verheiratetentarif",187,26,608
1999,82,"Mühlebach",2,"Einelternfamilientarif",20,0,108
1999,83,"Weinegg",0,"Grundtarif",38,2,216.5
1999,83,"Weinegg",1,"Verheiratetentarif",185,24,812
1999,83,"Weinegg",2,"Einelternfamilientarif",6,0,129
1999,91,"Albisrieden",0,"Grundtarif",34,2,151
1999,91,"Albisrieden",1,"Verheiratetentarif",125,24,349
1999,91,"Albisrieden",2,"Einelternfamilientarif",6.5,0,46
1999,92,"Altstetten",0,"Grundtarif",16,0,95
1999,92,"Altstetten",1,"Verheiratetentarif",59,0,212
1999,92,"Altstetten",2,"Einelternfamilientarif",0,0,19
1999,101,"Höngg",0,"Grundtarif",49,5,226
1999,101,"Höngg",1,"Verheiratetentarif",164,36,494
1999,101,"Höngg",2,"Einelternfamilientarif",17,0,93
1999,102,"Wipkingen",0,"Grundtarif",22,0,103
1999,102,"Wipkingen",1,"Verheiratetentarif",70,0,271
1999,102,"Wipkingen",2,"Einelternfamilientarif",6,0,38
1999,111,"Affoltern",0,"Grundtarif",17,0,90
1999,111,"Affoltern",1,"Verheiratetentarif",78,8,234
1999,111,"Affoltern",2,"Einelternfamilientarif",3,0,44
1999,115,"Oerlikon",0,"Grundtarif",23,0,122
1999,115,"Oerlikon",1,"Verheiratetentarif",92,4,341
1999,115,"Oerlikon",2,"Einelternfamilientarif",5,0,54
1999,119,"Seebach",0,"Grundtarif",15,0,93
1999,119,"Seebach",1,"Verheiratetentarif",66,0,223
1999,119,"Seebach",2,"Einelternfamilientarif",0,0,20
1999,121,"Saatlen",0,"Grundtarif",13,0,68
1999,121,"Saatlen",1,"Verheiratetentarif",43,0,148
1999,121,"Saatlen",2,"Einelternfamilientarif",1,0,22
1999,122,"Schwamendingen-Mitte",0,"Grundtarif",16,0,88
1999,122,"Schwamendingen-Mitte",1,"Verheiratetentarif",51,0,208
1999,122,"Schwamendingen-Mitte",2,"Einelternfamilientarif",0,0,17
1999,123,"Hirzenbach",0,"Grundtarif",17,0,70
1999,123,"Hirzenbach",1,"Verheiratetentarif",53,2,186
1999,123,"Hirzenbach",2,"Einelternfamilientarif",1,0,21
2000,11,"Rathaus",0,"Grundtarif",20,0,149
2000,11,"Rathaus",1,"Verheiratetentarif",211,32,782
2000,11,"Rathaus",2,"Einelternfamilientarif",49,1,394
2000,12,"Hochschulen",0,"Grundtarif",32.5,0,180
2000,12,"Hochschulen",1,"Verheiratetentarif",275,68,956
2000,12,"Hochschulen",2,"Einelternfamilientarif",,,
2000,13,"Lindenhof",0,"Grundtarif",65,3,315
2000,13,"Lindenhof",1,"Verheiratetentarif",307.5,31,1362
2000,13,"Lindenhof",2,"Einelternfamilientarif",,,
2000,14,"City",0,"Grundtarif",11,0,89
2000,14,"City",1,"Verheiratetentarif",51,2,245
2000,14,"City",2,"Einelternfamilientarif",,,
2000,21,"Wollishofen",0,"Grundtarif",40,5,195
2000,21,"Wollishofen",1,"Verheiratetentarif",144,32,433
2000,21,"Wollishofen",2,"Einelternfamilientarif",8,0,59
2000,23,"Leimbach",0,"Grundtarif",30,2,143
2000,23,"Leimbach",1,"Verheiratetentarif",116,20,393
2000,23,"Leimbach",2,"Einelternfamilientarif",8,0,54
2000,24,"Enge",0,"Grundtarif",38,1,215
2000,24,"Enge",1,"Verheiratetentarif",203,33,753
2000,24,"Enge",2,"Einelternfamilientarif",7,0,113
2000,31,"Alt-Wiedikon",0,"Grundtarif",23,0,113
2000,31,"Alt-Wiedikon",1,"Verheiratetentarif",62,0,279
2000,31,"Alt-Wiedikon",2,"Einelternfamilientarif",1,0,50
2000,33,"Friesenberg",0,"Grundtarif",21,0,97
2000,33,"Friesenberg",1,"Verheiratetentarif",76.5,10,209
2000,33,"Friesenberg",2,"Einelternfamilientarif",6,0,37
2000,34,"Sihlfeld",0,"Grundtarif",15,0,87
2000,34,"Sihlfeld",1,"Verheiratetentarif",35,0,187
2000,34,"Sihlfeld",2,"Einelternfamilientarif",0,0,22
2000,41,"Werd",0,"Grundtarif",13,0,71
2000,41,"Werd",1,"Verheiratetentarif",16,0,140
2000,41,"Werd",2,"Einelternfamilientarif",0,0,34
2000,42,"Langstrasse",0,"Grundtarif",4,0,39
2000,42,"Langstrasse",1,"Verheiratetentarif",6,0,90
2000,42,"Langstrasse",2,"Einelternfamilientarif",0,0,15
2000,44,"Hard",0,"Grundtarif",8,0,56
2000,44,"Hard",1,"Verheiratetentarif",9,0,86
2000,44,"Hard",2,"Einelternfamilientarif",0,0,11
2000,51,"Gewerbeschule",0,"Grundtarif",8,0,54
2000,51,"Gewerbeschule",1,"Verheiratetentarif",16,0,106
2000,51,"Gewerbeschule",2,"Einelternfamilientarif",0,0,29
2000,52,"Escher Wyss",0,"Grundtarif",12,0,74
2000,52,"Escher Wyss",1,"Verheiratetentarif",32,0,218
2000,52,"Escher Wyss",2,"Einelternfamilientarif",0,0,68
2000,61,"Unterstrass",0,"Grundtarif",34,2,155
2000,61,"Unterstrass",1,"Verheiratetentarif",114,18,346
2000,61,"Unterstrass",2,"Einelternfamilientarif",11,0,65
2000,63,"Oberstrass",0,"Grundtarif",46,5,222
2000,63,"Oberstrass",1,"Verheiratetentarif",257,56,921
2000,63,"Oberstrass",2,"Einelternfamilientarif",63,5,226.5
2000,71,"Fluntern",0,"Grundtarif",72,8,446
2000,71,"Fluntern",1,"Verheiratetentarif",519,122,1875
2000,71,"Fluntern",2,"Einelternfamilientarif",70.5,6,267
2000,72,"Hottingen",0,"Grundtarif",49,4,269
2000,72,"Hottingen",1,"Verheiratetentarif",293.5,67,1123
2000,72,"Hottingen",2,"Einelternfamilientarif",27.5,0,194.5
2000,73,"Hirslanden",0,"Grundtarif",44.5,7,216
2000,73,"Hirslanden",1,"Verheiratetentarif",229,52.5,844.5
2000,73,"Hirslanden",2,"Einelternfamilientarif",22,0,115
2000,74,"Witikon",0,"Grundtarif",76,11,361
2000,74,"Witikon",1,"Verheiratetentarif",291,79,964
2000,74,"Witikon",2,"Einelternfamilientarif",39,0,174
2000,81,"Seefeld",0,"Grundtarif",35,1,195
2000,81,"Seefeld",1,"Verheiratetentarif",200,34,558
2000,81,"Seefeld",2,"Einelternfamilientarif",34.5,0,118
2000,82,"Mühlebach",0,"Grundtarif",38,2,176.5
2000,82,"Mühlebach",1,"Verheiratetentarif",194.5,43,623
2000,82,"Mühlebach",2,"Einelternfamilientarif",29,0,139
2000,83,"Weinegg",0,"Grundtarif",41,3,235
2000,83,"Weinegg",1,"Verheiratetentarif",188,22,816
2000,83,"Weinegg",2,"Einelternfamilientarif",21,0,136
2000,91,"Albisrieden",0,"Grundtarif",34,2,154
2000,91,"Albisrieden",1,"Verheiratetentarif",126,24,355
2000,91,"Albisrieden",2,"Einelternfamilientarif",9,0,55.5
2000,92,"Altstetten",0,"Grundtarif",16,0,94
2000,92,"Altstetten",1,"Verheiratetentarif",54.5,0,213
2000,92,"Altstetten",2,"Einelternfamilientarif",0,0,21
2000,101,"Höngg",0,"Grundtarif",49,5,228
2000,101,"Höngg",1,"Verheiratetentarif",174,38,522
2000,101,"Höngg",2,"Einelternfamilientarif",15,0,82
2000,102,"Wipkingen",0,"Grundtarif",22,0,100
2000,102,"Wipkingen",1,"Verheiratetentarif",67,0,275
2000,102,"Wipkingen",2,"Einelternfamilientarif",6,0,43
2000,111,"Affoltern",0,"Grundtarif",16,0,85
2000,111,"Affoltern",1,"Verheiratetentarif",77,6,241
2000,111,"Affoltern",2,"Einelternfamilientarif",4,0,39
2000,115,"Oerlikon",0,"Grundtarif",23,0,119
2000,115,"Oerlikon",1,"Verheiratetentarif",88,5,333
2000,115,"Oerlikon",2,"Einelternfamilientarif",6,0,53
2000,119,"Seebach",0,"Grundtarif",15,0,91
2000,119,"Seebach",1,"Verheiratetentarif",61,0,231
2000,119,"Seebach",2,"Einelternfamilientarif",0,0,23
2000,121,"Saatlen",0,"Grundtarif",13,0,65
2000,121,"Saatlen",1,"Verheiratetentarif",40,0,153
2000,121,"Saatlen",2,"Einelternfamilientarif",2.5,0,23
2000,122,"Schwamendingen-Mitte",0,"Grundtarif",14.52,0,86
2000,122,"Schwamendingen-Mitte",1,"Verheiratetentarif",55,0,207.5
2000,122,"Schwamendingen-Mitte",2,"Einelternfamilientarif",0,0,19
2000,123,"Hirzenbach",0,"Grundtarif",16,0,74
2000,123,"Hirzenbach",1,"Verheiratetentarif",51,0,183
2000,123,"Hirzenbach",2,"Einelternfamilientarif",0,0,20
2001,11,"Rathaus",0,"Grundtarif",23,0,137
2001,11,"Rathaus",1,"Verheiratetentarif",218.5,35,779
2001,11,"Rathaus",2,"Einelternfamilientarif",43.5,2.5,300.5
2001,12,"Hochschulen",0,"Grundtarif",34,0,205
2001,12,"Hochschulen",1,"Verheiratetentarif",286,57,1052
2001,12,"Hochschulen",2,"Einelternfamilientarif",,,
2001,13,"Lindenhof",0,"Grundtarif",55,4,302
2001,13,"Lindenhof",1,"Verheiratetentarif",310,60,1343
2001,13,"Lindenhof",2,"Einelternfamilientarif",,,
2001,14,"City",0,"Grundtarif",11,0,68
2001,14,"City",1,"Verheiratetentarif",58,9,277
2001,14,"City",2,"Einelternfamilientarif",,,
2001,21,"Wollishofen",0,"Grundtarif",38,5,182
2001,21,"Wollishofen",1,"Verheiratetentarif",147,30.5,429.5
2001,21,"Wollishofen",2,"Einelternfamilientarif",10,0,60
2001,23,"Leimbach",0,"Grundtarif",30,2,148
2001,23,"Leimbach",1,"Verheiratetentarif",116,19,370
2001,23,"Leimbach",2,"Einelternfamilientarif",8,0,41
2001,24,"Enge",0,"Grundtarif",38,2,206.5
2001,24,"Enge",1,"Verheiratetentarif",217,35,744
2001,24,"Enge",2,"Einelternfamilientarif",11,0,125
2001,31,"Alt-Wiedikon",0,"Grundtarif",24,0,109
2001,31,"Alt-Wiedikon",1,"Verheiratetentarif",64,0,279
2001,31,"Alt-Wiedikon",2,"Einelternfamilientarif",3.5,0,51
2001,33,"Friesenberg",0,"Grundtarif",20,0,96.5
2001,33,"Friesenberg",1,"Verheiratetentarif",77,10,208
2001,33,"Friesenberg",2,"Einelternfamilientarif",4,0,43
2001,34,"Sihlfeld",0,"Grundtarif",16,0,87
2001,34,"Sihlfeld",1,"Verheiratetentarif",34,0,185
2001,34,"Sihlfeld",2,"Einelternfamilientarif",2,0,25
2001,41,"Werd",0,"Grundtarif",15,0,74
2001,41,"Werd",1,"Verheiratetentarif",17.5,0,121
2001,41,"Werd",2,"Einelternfamilientarif",0,0,27
2001,42,"Langstrasse",0,"Grundtarif",5,0,45
2001,42,"Langstrasse",1,"Verheiratetentarif",5,0,92
2001,42,"Langstrasse",2,"Einelternfamilientarif",0,0,16
2001,44,"Hard",0,"Grundtarif",8,0,56
2001,44,"Hard",1,"Verheiratetentarif",8,0,86
2001,44,"Hard",2,"Einelternfamilientarif",0,0,12
2001,51,"Gewerbeschule",0,"Grundtarif",10,0,57
2001,51,"Gewerbeschule",1,"Verheiratetentarif",16,0,120
2001,51,"Gewerbeschule",2,"Einelternfamilientarif",0,0,27
2001,52,"Escher Wyss",0,"Grundtarif",15,0,77
2001,52,"Escher Wyss",1,"Verheiratetentarif",38,0,231
2001,52,"Escher Wyss",2,"Einelternfamilientarif",5,0,45
2001,61,"Unterstrass",0,"Grundtarif",35,3,149
2001,61,"Unterstrass",1,"Verheiratetentarif",118,20,343
2001,61,"Unterstrass",2,"Einelternfamilientarif",14,0,76
2001,63,"Oberstrass",0,"Grundtarif",49,6,223
2001,63,"Oberstrass",1,"Verheiratetentarif",252,57,892
2001,63,"Oberstrass",2,"Einelternfamilientarif",58,7,224
2001,71,"Fluntern",0,"Grundtarif",76,8,421.5
2001,71,"Fluntern",1,"Verheiratetentarif",506,119,1897
2001,71,"Fluntern",2,"Einelternfamilientarif",50.5,0,221
2001,72,"Hottingen",0,"Grundtarif",54,5,274
2001,72,"Hottingen",1,"Verheiratetentarif",304,66,1070
2001,72,"Hottingen",2,"Einelternfamilientarif",40.5,0,234
2001,73,"Hirslanden",0,"Grundtarif",45,6,205
2001,73,"Hirslanden",1,"Verheiratetentarif",217,48,797
2001,73,"Hirslanden",2,"Einelternfamilientarif",22.5,0,115
2001,74,"Witikon",0,"Grundtarif",78,13,361
2001,74,"Witikon",1,"Verheiratetentarif",299,73,910.5
2001,74,"Witikon",2,"Einelternfamilientarif",41,1.5,158.5
2001,81,"Seefeld",0,"Grundtarif",38,2,190
2001,81,"Seefeld",1,"Verheiratetentarif",204,30,531
2001,81,"Seefeld",2,"Einelternfamilientarif",21,0,156
2001,82,"Mühlebach",0,"Grundtarif",40,3,178
2001,82,"Mühlebach",1,"Verheiratetentarif",204,46,612
2001,82,"Mühlebach",2,"Einelternfamilientarif",36,1,120
2001,83,"Weinegg",0,"Grundtarif",43,5,214
2001,83,"Weinegg",1,"Verheiratetentarif",177,23,813
2001,83,"Weinegg",2,"Einelternfamilientarif",27.5,0,170
2001,91,"Albisrieden",0,"Grundtarif",34,2,154
2001,91,"Albisrieden",1,"Verheiratetentarif",125,22,348
2001,91,"Albisrieden",2,"Einelternfamilientarif",11,0,53.5
2001,92,"Altstetten",0,"Grundtarif",15,0,92
2001,92,"Altstetten",1,"Verheiratetentarif",53,0,208
2001,92,"Altstetten",2,"Einelternfamilientarif",0,0,19
2001,101,"Höngg",0,"Grundtarif",48,5,227
2001,101,"Höngg",1,"Verheiratetentarif",174,39,515
2001,101,"Höngg",2,"Einelternfamilientarif",18,0,92
2001,102,"Wipkingen",0,"Grundtarif",25,0,104
2001,102,"Wipkingen",1,"Verheiratetentarif",72,1,280
2001,102,"Wipkingen",2,"Einelternfamilientarif",8,0,52
2001,111,"Affoltern",0,"Grundtarif",17,0,84
2001,111,"Affoltern",1,"Verheiratetentarif",74,5,241
2001,111,"Affoltern",2,"Einelternfamilientarif",4,0,45.5
2001,115,"Oerlikon",0,"Grundtarif",24,0,117
2001,115,"Oerlikon",1,"Verheiratetentarif",84,4,315
2001,115,"Oerlikon",2,"Einelternfamilientarif",6,0,52
2001,119,"Seebach",0,"Grundtarif",14,0,87
2001,119,"Seebach",1,"Verheiratetentarif",59,0,229
2001,119,"Seebach",2,"Einelternfamilientarif",1,0,24.5
2001,121,"Saatlen",0,"Grundtarif",15,0,71
2001,121,"Saatlen",1,"Verheiratetentarif",43,0,156
2001,121,"Saatlen",2,"Einelternfamilientarif",1.5,0,25
2001,122,"Schwamendingen-Mitte",0,"Grundtarif",16,0,86.5
2001,122,"Schwamendingen-Mitte",1,"Verheiratetentarif",47,0,202
2001,122,"Schwamendingen-Mitte",2,"Einelternfamilientarif",0,0,12
2001,123,"Hirzenbach",0,"Grundtarif",17,0,78
2001,123,"Hirzenbach",1,"Verheiratetentarif",49,0,187
2001,123,"Hirzenbach",2,"Einelternfamilientarif",2,0,25
2002,11,"Rathaus",0,"Grundtarif",23,0,145
2002,11,"Rathaus",1,"Verheiratetentarif",204,31,653
2002,11,"Rathaus",2,"Einelternfamilientarif",51,3,199
2002,12,"Hochschulen",0,"Grundtarif",38,0,242.5
2002,12,"Hochschulen",1,"Verheiratetentarif",300.5,52.5,1020
2002,12,"Hochschulen",2,"Einelternfamilientarif",,,
2002,13,"Lindenhof",0,"Grundtarif",58,5.5,285.5
2002,13,"Lindenhof",1,"Verheiratetentarif",273.5,57,1225.5
2002,13,"Lindenhof",2,"Einelternfamilientarif",,,
2002,14,"City",0,"Grundtarif",11.5,0,72
2002,14,"City",1,"Verheiratetentarif",79,13,324
2002,14,"City",2,"Einelternfamilientarif",11,0,56
2002,21,"Wollishofen",0,"Grundtarif",37,4,171
2002,21,"Wollishofen",1,"Verheiratetentarif",148,30,425
2002,21,"Wollishofen",2,"Einelternfamilientarif",9,0,64
2002,23,"Leimbach",0,"Grundtarif",29,2,142
2002,23,"Leimbach",1,"Verheiratetentarif",111,18,352
2002,23,"Leimbach",2,"Einelternfamilientarif",8,0,50.5
2002,24,"Enge",0,"Grundtarif",35,2,188
2002,24,"Enge",1,"Verheiratetentarif",194,32,704
2002,24,"Enge",2,"Einelternfamilientarif",12,0,201
2002,31,"Alt-Wiedikon",0,"Grundtarif",23,0,103
2002,31,"Alt-Wiedikon",1,"Verheiratetentarif",57,0,258
2002,31,"Alt-Wiedikon",2,"Einelternfamilientarif",1,0,48
2002,33,"Friesenberg",0,"Grundtarif",20,0,95
2002,33,"Friesenberg",1,"Verheiratetentarif",72,7,195
2002,33,"Friesenberg",2,"Einelternfamilientarif",5,0,40
2002,34,"Sihlfeld",0,"Grundtarif",16,0,86
2002,34,"Sihlfeld",1,"Verheiratetentarif",32,0,183
2002,34,"Sihlfeld",2,"Einelternfamilientarif",1,0,28
2002,41,"Werd",0,"Grundtarif",13,0,71
2002,41,"Werd",1,"Verheiratetentarif",16.5,0,130
2002,41,"Werd",2,"Einelternfamilientarif",1,0,51
2002,42,"Langstrasse",0,"Grundtarif",4,0,44
2002,42,"Langstrasse",1,"Verheiratetentarif",3,0,81
2002,42,"Langstrasse",2,"Einelternfamilientarif",0,0,18
2002,44,"Hard",0,"Grundtarif",7,0,53
2002,44,"Hard",1,"Verheiratetentarif",7,0,83
2002,44,"Hard",2,"Einelternfamilientarif",0,0,10
2002,51,"Gewerbeschule",0,"Grundtarif",9,0,58
2002,51,"Gewerbeschule",1,"Verheiratetentarif",14,0,113
2002,51,"Gewerbeschule",2,"Einelternfamilientarif",0,0,28
2002,52,"Escher Wyss",0,"Grundtarif",14,0,76
2002,52,"Escher Wyss",1,"Verheiratetentarif",53,0,209
2002,52,"Escher Wyss",2,"Einelternfamilientarif",5,0,45
2002,61,"Unterstrass",0,"Grundtarif",33,3,140
2002,61,"Unterstrass",1,"Verheiratetentarif",113,16,331
2002,61,"Unterstrass",2,"Einelternfamilientarif",14.5,0,80
2002,63,"Oberstrass",0,"Grundtarif",48,5,216
2002,63,"Oberstrass",1,"Verheiratetentarif",236,52,875
2002,63,"Oberstrass",2,"Einelternfamilientarif",51,7,215
2002,71,"Fluntern",0,"Grundtarif",72,7,400
2002,71,"Fluntern",1,"Verheiratetentarif",506.5,110,1883
2002,71,"Fluntern",2,"Einelternfamilientarif",65,2,290
2002,72,"Hottingen",0,"Grundtarif",52,5,263
2002,72,"Hottingen",1,"Verheiratetentarif",287.5,70,1053
2002,72,"Hottingen",2,"Einelternfamilientarif",32,0,216
2002,73,"Hirslanden",0,"Grundtarif",44,6,187.5
2002,73,"Hirslanden",1,"Verheiratetentarif",197,50,745
2002,73,"Hirslanden",2,"Einelternfamilientarif",28,0,119
2002,74,"Witikon",0,"Grundtarif",74,10,328
2002,74,"Witikon",1,"Verheiratetentarif",284,67,844
2002,74,"Witikon",2,"Einelternfamilientarif",45,1,217
2002,81,"Seefeld",0,"Grundtarif",36,1,170
2002,81,"Seefeld",1,"Verheiratetentarif",192,29,553
2002,81,"Seefeld",2,"Einelternfamilientarif",22,0,131
2002,82,"Mühlebach",0,"Grundtarif",36,2,168
2002,82,"Mühlebach",1,"Verheiratetentarif",203.5,44,661
2002,82,"Mühlebach",2,"Einelternfamilientarif",34,2,141
2002,83,"Weinegg",0,"Grundtarif",40,4,199
2002,83,"Weinegg",1,"Verheiratetentarif",167,23,724
2002,83,"Weinegg",2,"Einelternfamilientarif",15.5,0,112.5
2002,91,"Albisrieden",0,"Grundtarif",31,2,144
2002,91,"Albisrieden",1,"Verheiratetentarif",115,18,335
2002,91,"Albisrieden",2,"Einelternfamilientarif",8,0,45
2002,92,"Altstetten",0,"Grundtarif",16,0,90
2002,92,"Altstetten",1,"Verheiratetentarif",46,0,197
2002,92,"Altstetten",2,"Einelternfamilientarif",0,0,18
2002,101,"Höngg",0,"Grundtarif",44,5,203
2002,101,"Höngg",1,"Verheiratetentarif",170,39,496
2002,101,"Höngg",2,"Einelternfamilientarif",21,0,88
2002,102,"Wipkingen",0,"Grundtarif",23,0,102
2002,102,"Wipkingen",1,"Verheiratetentarif",66,0,260
2002,102,"Wipkingen",2,"Einelternfamilientarif",7,0,46
2002,111,"Affoltern",0,"Grundtarif",17,0,85
2002,111,"Affoltern",1,"Verheiratetentarif",73,4,232
2002,111,"Affoltern",2,"Einelternfamilientarif",3,0,37
2002,115,"Oerlikon",0,"Grundtarif",21,0,109
2002,115,"Oerlikon",1,"Verheiratetentarif",82,2,308
2002,115,"Oerlikon",2,"Einelternfamilientarif",4,0,46
2002,119,"Seebach",0,"Grundtarif",13,0,83
2002,119,"Seebach",1,"Verheiratetentarif",50,0,218
2002,119,"Seebach",2,"Einelternfamilientarif",1,0,26
2002,121,"Saatlen",0,"Grundtarif",12,0,67
2002,121,"Saatlen",1,"Verheiratetentarif",37,0,148
2002,121,"Saatlen",2,"Einelternfamilientarif",0.5,0,21
2002,122,"Schwamendingen-Mitte",0,"Grundtarif",15,0,88
2002,122,"Schwamendingen-Mitte",1,"Verheiratetentarif",43,0,198
2002,122,"Schwamendingen-Mitte",2,"Einelternfamilientarif",0,0,14
2002,123,"Hirzenbach",0,"Grundtarif",15,0,74
2002,123,"Hirzenbach",1,"Verheiratetentarif",44,0,169.16
2002,123,"Hirzenbach",2,"Einelternfamilientarif",0,0,21
2003,11,"Rathaus",0,"Grundtarif",23,0,157
2003,11,"Rathaus",1,"Verheiratetentarif",221,23,718
2003,11,"Rathaus",2,"Einelternfamilientarif",54,0,185
2003,12,"Hochschulen",0,"Grundtarif",40,0,260
2003,12,"Hochschulen",1,"Verheiratetentarif",299,55,1077
2003,12,"Hochschulen",2,"Einelternfamilientarif",,,
2003,13,"Lindenhof",0,"Grundtarif",56,4,306
2003,13,"Lindenhof",1,"Verheiratetentarif",288,54,1236
2003,13,"Lindenhof",2,"Einelternfamilientarif",49,0,417
2003,14,"City",0,"Grundtarif",14,0,85
2003,14,"City",1,"Verheiratetentarif",79,7,323
2003,14,"City",2,"Einelternfamilientarif",,,
2003,21,"Wollishofen",0,"Grundtarif",35,3,177
2003,21,"Wollishofen",1,"Verheiratetentarif",151,29,448
2003,21,"Wollishofen",2,"Einelternfamilientarif",12.5,0,71
2003,23,"Leimbach",0,"Grundtarif",31,2,158
2003,23,"Leimbach",1,"Verheiratetentarif",110,15,363
2003,23,"Leimbach",2,"Einelternfamilientarif",8,0,61
2003,24,"Enge",0,"Grundtarif",36,2,202
2003,24,"Enge",1,"Verheiratetentarif",216.5,29,780.5
2003,24,"Enge",2,"Einelternfamilientarif",17,0,138
2003,31,"Alt-Wiedikon",0,"Grundtarif",23,0,110
2003,31,"Alt-Wiedikon",1,"Verheiratetentarif",61,0,259
2003,31,"Alt-Wiedikon",2,"Einelternfamilientarif",2,0,46
2003,33,"Friesenberg",0,"Grundtarif",19,0,96
2003,33,"Friesenberg",1,"Verheiratetentarif",75,9,207
2003,33,"Friesenberg",2,"Einelternfamilientarif",6,0,39.5
2003,34,"Sihlfeld",0,"Grundtarif",17,0,90
2003,34,"Sihlfeld",1,"Verheiratetentarif",28,0,180
2003,34,"Sihlfeld",2,"Einelternfamilientarif",1,0,30
2003,41,"Werd",0,"Grundtarif",13,0,74
2003,41,"Werd",1,"Verheiratetentarif",21.5,0,159
2003,41,"Werd",2,"Einelternfamilientarif",0,0,72
2003,42,"Langstrasse",0,"Grundtarif",5,0,46
2003,42,"Langstrasse",1,"Verheiratetentarif",4,0,90.5
2003,42,"Langstrasse",2,"Einelternfamilientarif",0,0,19.5
2003,44,"Hard",0,"Grundtarif",6,0,53
2003,44,"Hard",1,"Verheiratetentarif",5,0,80
2003,44,"Hard",2,"Einelternfamilientarif",0,0,9
2003,51,"Gewerbeschule",0,"Grundtarif",10,0,62
2003,51,"Gewerbeschule",1,"Verheiratetentarif",14,0,111
2003,51,"Gewerbeschule",2,"Einelternfamilientarif",0.5,0,37.5
2003,52,"Escher Wyss",0,"Grundtarif",15,0,86
2003,52,"Escher Wyss",1,"Verheiratetentarif",82.5,0.5,289
2003,52,"Escher Wyss",2,"Einelternfamilientarif",5,0,73
2003,61,"Unterstrass",0,"Grundtarif",35,3,149
2003,61,"Unterstrass",1,"Verheiratetentarif",114,17,350
2003,61,"Unterstrass",2,"Einelternfamilientarif",16.5,0,103
2003,63,"Oberstrass",0,"Grundtarif",51,5,234
2003,63,"Oberstrass",1,"Verheiratetentarif",287,70,953
2003,63,"Oberstrass",2,"Einelternfamilientarif",51,6,229
2003,71,"Fluntern",0,"Grundtarif",73,7,439
2003,71,"Fluntern",1,"Verheiratetentarif",533.5,122.5,2021
2003,71,"Fluntern",2,"Einelternfamilientarif",71,3,334
2003,72,"Hottingen",0,"Grundtarif",52,5,273
2003,72,"Hottingen",1,"Verheiratetentarif",321.5,73,1169
2003,72,"Hottingen",2,"Einelternfamilientarif",41,0,207
2003,73,"Hirslanden",0,"Grundtarif",44,6,211
2003,73,"Hirslanden",1,"Verheiratetentarif",218,51,751
2003,73,"Hirslanden",2,"Einelternfamilientarif",32,0,142
2003,74,"Witikon",0,"Grundtarif",77,9,361
2003,74,"Witikon",1,"Verheiratetentarif",303,74,913
2003,74,"Witikon",2,"Einelternfamilientarif",38,0,248
2003,81,"Seefeld",0,"Grundtarif",39,1,188
2003,81,"Seefeld",1,"Verheiratetentarif",203.5,29.5,680.5
2003,81,"Seefeld",2,"Einelternfamilientarif",28,0,103
2003,82,"Mühlebach",0,"Grundtarif",40,2,178
2003,82,"Mühlebach",1,"Verheiratetentarif",198,42,640
2003,82,"Mühlebach",2,"Einelternfamilientarif",35.5,4.5,141.5
2003,83,"Weinegg",0,"Grundtarif",43,3,223
2003,83,"Weinegg",1,"Verheiratetentarif",182,27,784
2003,83,"Weinegg",2,"Einelternfamilientarif",24,4,132
2003,91,"Albisrieden",0,"Grundtarif",32,1,146
2003,91,"Albisrieden",1,"Verheiratetentarif",116,16,352
2003,91,"Albisrieden",2,"Einelternfamilientarif",7,0,45
2003,92,"Altstetten",0,"Grundtarif",15,0,94
2003,92,"Altstetten",1,"Verheiratetentarif",47,0,208
2003,92,"Altstetten",2,"Einelternfamilientarif",0,0,24
2003,101,"Höngg",0,"Grundtarif",43,4,217
2003,101,"Höngg",1,"Verheiratetentarif",185,42,530
2003,101,"Höngg",2,"Einelternfamilientarif",17,0,88
2003,102,"Wipkingen",0,"Grundtarif",23,0,110
2003,102,"Wipkingen",1,"Verheiratetentarif",72,0,288
2003,102,"Wipkingen",2,"Einelternfamilientarif",10,0,57
2003,111,"Affoltern",0,"Grundtarif",17,0,86
2003,111,"Affoltern",1,"Verheiratetentarif",75,2,238
2003,111,"Affoltern",2,"Einelternfamilientarif",3,0,38
2003,115,"Oerlikon",0,"Grundtarif",22,0,115
2003,115,"Oerlikon",1,"Verheiratetentarif",82,2,314
2003,115,"Oerlikon",2,"Einelternfamilientarif",5,0,43.5
2003,119,"Seebach",0,"Grundtarif",13,0,81
2003,119,"Seebach",1,"Verheiratetentarif",48,0,222
2003,119,"Seebach",2,"Einelternfamilientarif",1,0,19
2003,121,"Saatlen",0,"Grundtarif",13,0,71
2003,121,"Saatlen",1,"Verheiratetentarif",41,0,155
2003,121,"Saatlen",2,"Einelternfamilientarif",0,0,21
2003,122,"Schwamendingen-Mitte",0,"Grundtarif",15,0,90
2003,122,"Schwamendingen-Mitte",1,"Verheiratetentarif",42,0,209
2003,122,"Schwamendingen-Mitte",2,"Einelternfamilientarif",0,0,13
2003,123,"Hirzenbach",0,"Grundtarif",13,0,72
2003,123,"Hirzenbach",1,"Verheiratetentarif",41.5,0,167
2003,123,"Hirzenbach",2,"Einelternfamilientarif",1,0,23
2004,11,"Rathaus",0,"Grundtarif",23,0,156
2004,11,"Rathaus",1,"Verheiratetentarif",249.5,42,828.5
2004,11,"Rathaus",2,"Einelternfamilientarif",66,0,221
2004,12,"Hochschulen",0,"Grundtarif",31,0,252
2004,12,"Hochschulen",1,"Verheiratetentarif",290.5,44.5,1050
2004,12,"Hochschulen",2,"Einelternfamilientarif",,,
2004,13,"Lindenhof",0,"Grundtarif",56,3,286
2004,13,"Lindenhof",1,"Verheiratetentarif",283,49,1135
2004,13,"Lindenhof",2,"Einelternfamilientarif",,,
2004,14,"City",0,"Grundtarif",17,0,103
2004,14,"City",1,"Verheiratetentarif",79,6,345
2004,14,"City",2,"Einelternfamilientarif",,,
2004,21,"Wollishofen",0,"Grundtarif",34,3,176
2004,21,"Wollishofen",1,"Verheiratetentarif",149,27,454.5
2004,21,"Wollishofen",2,"Einelternfamilientarif",13,0,72.5
2004,23,"Leimbach",0,"Grundtarif",31,2,160
2004,23,"Leimbach",1,"Verheiratetentarif",114,15,371
2004,23,"Leimbach",2,"Einelternfamilientarif",6,0,51
2004,24,"Enge",0,"Grundtarif",38,2,205
2004,24,"Enge",1,"Verheiratetentarif",213,28,784
2004,24,"Enge",2,"Einelternfamilientarif",20,0,141
2004,31,"Alt-Wiedikon",0,"Grundtarif",24,0,111
2004,31,"Alt-Wiedikon",1,"Verheiratetentarif",62,0,274
2004,31,"Alt-Wiedikon",2,"Einelternfamilientarif",3,0,53
2004,33,"Friesenberg",0,"Grundtarif",19,0,96
2004,33,"Friesenberg",1,"Verheiratetentarif",75,8,218
2004,33,"Friesenberg",2,"Einelternfamilientarif",3,0,40
2004,34,"Sihlfeld",0,"Grundtarif",17,0,89
2004,34,"Sihlfeld",1,"Verheiratetentarif",27,0,177
2004,34,"Sihlfeld",2,"Einelternfamilientarif",2,0,30.5
2004,41,"Werd",0,"Grundtarif",16,0,82
2004,41,"Werd",1,"Verheiratetentarif",24,0,132
2004,41,"Werd",2,"Einelternfamilientarif",0,0,123
2004,42,"Langstrasse",0,"Grundtarif",4,0,46
2004,42,"Langstrasse",1,"Verheiratetentarif",3,0,93
2004,42,"Langstrasse",2,"Einelternfamilientarif",0,0,17.5
2004,44,"Hard",0,"Grundtarif",5,0,53
2004,44,"Hard",1,"Verheiratetentarif",3,0,73
2004,44,"Hard",2,"Einelternfamilientarif",0,0,13
2004,51,"Gewerbeschule",0,"Grundtarif",11,0,66
2004,51,"Gewerbeschule",1,"Verheiratetentarif",11.5,0,109
2004,51,"Gewerbeschule",2,"Einelternfamilientarif",3,0,46
2004,52,"Escher Wyss",0,"Grundtarif",17,0,100.5
2004,52,"Escher Wyss",1,"Verheiratetentarif",88,0,332
2004,52,"Escher Wyss",2,"Einelternfamilientarif",1,0,50
2004,61,"Unterstrass",0,"Grundtarif",36,2,151
2004,61,"Unterstrass",1,"Verheiratetentarif",116,16,356.5
2004,61,"Unterstrass",2,"Einelternfamilientarif",18,0,89
2004,63,"Oberstrass",0,"Grundtarif",53,6,255
2004,63,"Oberstrass",1,"Verheiratetentarif",285,72,966
2004,63,"Oberstrass",2,"Einelternfamilientarif",50,7,290.5
2004,71,"Fluntern",0,"Grundtarif",77,6,441
2004,71,"Fluntern",1,"Verheiratetentarif",562,132,2132
2004,71,"Fluntern",2,"Einelternfamilientarif",77,7,318
2004,72,"Hottingen",0,"Grundtarif",53,5,284
2004,72,"Hottingen",1,"Verheiratetentarif",329.5,81,1173
2004,72,"Hottingen",2,"Einelternfamilientarif",41,0,250
2004,73,"Hirslanden",0,"Grundtarif",46,6,222.5
2004,73,"Hirslanden",1,"Verheiratetentarif",223.5,43,760.5
2004,73,"Hirslanden",2,"Einelternfamilientarif",32,0,141
2004,74,"Witikon",0,"Grundtarif",74,9,352
2004,74,"Witikon",1,"Verheiratetentarif",307,74,938
2004,74,"Witikon",2,"Einelternfamilientarif",39,0,207
2004,81,"Seefeld",0,"Grundtarif",37,1,197
2004,81,"Seefeld",1,"Verheiratetentarif",213,30,679
2004,81,"Seefeld",2,"Einelternfamilientarif",37,0,147
2004,82,"Mühlebach",0,"Grundtarif",40,3,183
2004,82,"Mühlebach",1,"Verheiratetentarif",197,44,619
2004,82,"Mühlebach",2,"Einelternfamilientarif",36.5,1,180
2004,83,"Weinegg",0,"Grundtarif",42,3,233
2004,83,"Weinegg",1,"Verheiratetentarif",197,29,754
2004,83,"Weinegg",2,"Einelternfamilientarif",29,0,191
2004,91,"Albisrieden",0,"Grundtarif",30,1,147
2004,91,"Albisrieden",1,"Verheiratetentarif",114.5,15,352
2004,91,"Albisrieden",2,"Einelternfamilientarif",5,0,45
2004,92,"Altstetten",0,"Grundtarif",14,0,94
2004,92,"Altstetten",1,"Verheiratetentarif",44,0,207
2004,92,"Altstetten",2,"Einelternfamilientarif",0,0,22
2004,101,"Höngg",0,"Grundtarif",45,4,215
2004,101,"Höngg",1,"Verheiratetentarif",191,44,548
2004,101,"Höngg",2,"Einelternfamilientarif",17,0,96
2004,102,"Wipkingen",0,"Grundtarif",23,0,113
2004,102,"Wipkingen",1,"Verheiratetentarif",69,0,288
2004,102,"Wipkingen",2,"Einelternfamilientarif",11,0,62
2004,111,"Affoltern",0,"Grundtarif",16,0,89
2004,111,"Affoltern",1,"Verheiratetentarif",74,1,243
2004,111,"Affoltern",2,"Einelternfamilientarif",5,0,42
2004,115,"Oerlikon",0,"Grundtarif",24,0,122
2004,115,"Oerlikon",1,"Verheiratetentarif",83,2,334
2004,115,"Oerlikon",2,"Einelternfamilientarif",5,0,42
2004,119,"Seebach",0,"Grundtarif",12,0,83
2004,119,"Seebach",1,"Verheiratetentarif",44,0,216
2004,119,"Seebach",2,"Einelternfamilientarif",0,0,21.5
2004,121,"Saatlen",0,"Grundtarif",12,0,72
2004,121,"Saatlen",1,"Verheiratetentarif",37,0,155
2004,121,"Saatlen",2,"Einelternfamilientarif",0,0,12
2004,122,"Schwamendingen-Mitte",0,"Grundtarif",14,0,88
2004,122,"Schwamendingen-Mitte",1,"Verheiratetentarif",36,0,201
2004,122,"Schwamendingen-Mitte",2,"Einelternfamilientarif",0,0,14
2004,123,"Hirzenbach",0,"Grundtarif",13,0,72
2004,123,"Hirzenbach",1,"Verheiratetentarif",37,0,159
2004,123,"Hirzenbach",2,"Einelternfamilientarif",0,0,14
2005,11,"Rathaus",0,"Grundtarif",26,0,176
2005,11,"Rathaus",1,"Verheiratetentarif",246,44,884
2005,11,"Rathaus",2,"Einelternfamilientarif",19,0,178
2005,12,"Hochschulen",0,"Grundtarif",50,1,279
2005,12,"Hochschulen",1,"Verheiratetentarif",293,24,1138
2005,12,"Hochschulen",2,"Einelternfamilientarif",,,
2005,13,"Lindenhof",0,"Grundtarif",64,5,301
2005,13,"Lindenhof",1,"Verheiratetentarif",366,73,1343
2005,13,"Lindenhof",2,"Einelternfamilientarif",,,
2005,14,"City",0,"Grundtarif",22,0,153
2005,14,"City",1,"Verheiratetentarif",64,2,341
2005,14,"City",2,"Einelternfamilientarif",24,0,43
2005,21,"Wollishofen",0,"Grundtarif",36,2.5,182
2005,21,"Wollishofen",1,"Verheiratetentarif",153,25,482
2005,21,"Wollishofen",2,"Einelternfamilientarif",12,0,72
2005,23,"Leimbach",0,"Grundtarif",30.5,2,153
2005,23,"Leimbach",1,"Verheiratetentarif",118,14,350
2005,23,"Leimbach",2,"Einelternfamilientarif",8,0,52
2005,24,"Enge",0,"Grundtarif",43,3,232
2005,24,"Enge",1,"Verheiratetentarif",246.5,33,854.5
2005,24,"Enge",2,"Einelternfamilientarif",26,0,150
2005,31,"Alt-Wiedikon",0,"Grundtarif",26,0,116
2005,31,"Alt-Wiedikon",1,"Verheiratetentarif",65,0,298
2005,31,"Alt-Wiedikon",2,"Einelternfamilientarif",3,0,74
2005,33,"Friesenberg",0,"Grundtarif",17,0,91
2005,33,"Friesenberg",1,"Verheiratetentarif",72,7,218
2005,33,"Friesenberg",2,"Einelternfamilientarif",5,0,41
2005,34,"Sihlfeld",0,"Grundtarif",16,0,94
2005,34,"Sihlfeld",1,"Verheiratetentarif",28,0,186
2005,34,"Sihlfeld",2,"Einelternfamilientarif",2,0,33
2005,41,"Werd",0,"Grundtarif",16,0,90
2005,41,"Werd",1,"Verheiratetentarif",23,0,172
2005,41,"Werd",2,"Einelternfamilientarif",24,0,180
2005,42,"Langstrasse",0,"Grundtarif",6,0,52
2005,42,"Langstrasse",1,"Verheiratetentarif",3,0,97
2005,42,"Langstrasse",2,"Einelternfamilientarif",0,0,27
2005,44,"Hard",0,"Grundtarif",5,0,53
2005,44,"Hard",1,"Verheiratetentarif",1,0,72
2005,44,"Hard",2,"Einelternfamilientarif",0,0,12
2005,51,"Gewerbeschule",0,"Grundtarif",13,0,72
2005,51,"Gewerbeschule",1,"Verheiratetentarif",10,0,112
2005,51,"Gewerbeschule",2,"Einelternfamilientarif",4,0,59
2005,52,"Escher Wyss",0,"Grundtarif",19,0,106
2005,52,"Escher Wyss",1,"Verheiratetentarif",101.5,0,369
2005,52,"Escher Wyss",2,"Einelternfamilientarif",3.5,0,70.5
2005,61,"Unterstrass",0,"Grundtarif",36,2,162
2005,61,"Unterstrass",1,"Verheiratetentarif",119,17,378
2005,61,"Unterstrass",2,"Einelternfamilientarif",16.5,0,96.5
2005,63,"Oberstrass",0,"Grundtarif",56.5,6,267
2005,63,"Oberstrass",1,"Verheiratetentarif",338.5,81,1062
2005,63,"Oberstrass",2,"Einelternfamilientarif",61,10,243
2005,71,"Fluntern",0,"Grundtarif",80,6,462
2005,71,"Fluntern",1,"Verheiratetentarif",582.5,130.5,2244
2005,71,"Fluntern",2,"Einelternfamilientarif",82.5,6,360
2005,72,"Hottingen",0,"Grundtarif",58,5,320
2005,72,"Hottingen",1,"Verheiratetentarif",357.5,86,1237
2005,72,"Hottingen",2,"Einelternfamilientarif",45,3,230.5
2005,73,"Hirslanden",0,"Grundtarif",46,6,228
2005,73,"Hirslanden",1,"Verheiratetentarif",231,51,859
2005,73,"Hirslanden",2,"Einelternfamilientarif",38,0,158
2005,74,"Witikon",0,"Grundtarif",73,8,365.5
2005,74,"Witikon",1,"Verheiratetentarif",313,76.5,999.5
2005,74,"Witikon",2,"Einelternfamilientarif",35,0,221
2005,81,"Seefeld",0,"Grundtarif",42,2,206
2005,81,"Seefeld",1,"Verheiratetentarif",220,27,733
2005,81,"Seefeld",2,"Einelternfamilientarif",29,0,106
2005,82,"Mühlebach",0,"Grundtarif",40,2,196
2005,82,"Mühlebach",1,"Verheiratetentarif",214,41,636
2005,82,"Mühlebach",2,"Einelternfamilientarif",24.5,0,163
2005,83,"Weinegg",0,"Grundtarif",47,3,250.5
2005,83,"Weinegg",1,"Verheiratetentarif",216,31,777
2005,83,"Weinegg",2,"Einelternfamilientarif",25,2,155
2005,91,"Albisrieden",0,"Grundtarif",29,0,144
2005,91,"Albisrieden",1,"Verheiratetentarif",114,11,361
2005,91,"Albisrieden",2,"Einelternfamilientarif",5,0,50
2005,92,"Altstetten",0,"Grundtarif",14,0,93
2005,92,"Altstetten",1,"Verheiratetentarif",41,0,213
2005,92,"Altstetten",2,"Einelternfamilientarif",0,0,26
2005,101,"Höngg",0,"Grundtarif",46,5,230.54
2005,101,"Höngg",1,"Verheiratetentarif",195,39,572.5
2005,101,"Höngg",2,"Einelternfamilientarif",20,0,108.5
2005,102,"Wipkingen",0,"Grundtarif",24,0,114
2005,102,"Wipkingen",1,"Verheiratetentarif",75,0,307
2005,102,"Wipkingen",2,"Einelternfamilientarif",9,0,70
2005,111,"Affoltern",0,"Grundtarif",17,0,95
2005,111,"Affoltern",1,"Verheiratetentarif",72,1,248.5
2005,111,"Affoltern",2,"Einelternfamilientarif",5,0,41
2005,115,"Oerlikon",0,"Grundtarif",23,0,122
2005,115,"Oerlikon",1,"Verheiratetentarif",91,2,354
2005,115,"Oerlikon",2,"Einelternfamilientarif",3,0,49
2005,119,"Seebach",0,"Grundtarif",11,0,84
2005,119,"Seebach",1,"Verheiratetentarif",40,0,222.5
2005,119,"Seebach",2,"Einelternfamilientarif",0,0,19
2005,121,"Saatlen",0,"Grundtarif",10,0,71
2005,121,"Saatlen",1,"Verheiratetentarif",32,0,151
2005,121,"Saatlen",2,"Einelternfamilientarif",0,0,14
2005,122,"Schwamendingen-Mitte",0,"Grundtarif",11,0,85
2005,122,"Schwamendingen-Mitte",1,"Verheiratetentarif",30,0,195
2005,122,"Schwamendingen-Mitte",2,"Einelternfamilientarif",0,0,11
2005,123,"Hirzenbach",0,"Grundtarif",10,0,69
2005,123,"Hirzenbach",1,"Verheiratetentarif",33,0,158
2005,123,"Hirzenbach",2,"Einelternfamilientarif",1,0,14
2006,11,"Rathaus",0,"Grundtarif",25,0,184
2006,11,"Rathaus",1,"Verheiratetentarif",294,49.5,983.5
2006,11,"Rathaus",2,"Einelternfamilientarif",50,0,282
2006,12,"Hochschulen",0,"Grundtarif",52.5,4,297
2006,12,"Hochschulen",1,"Verheiratetentarif",327,60,1174
2006,12,"Hochschulen",2,"Einelternfamilientarif",,,
2006,13,"Lindenhof",0,"Grundtarif",54.5,2,307
2006,13,"Lindenhof",1,"Verheiratetentarif",415.5,78,1436
2006,13,"Lindenhof",2,"Einelternfamilientarif",,,
2006,14,"City",0,"Grundtarif",20,0,126.5
2006,14,"City",1,"Verheiratetentarif",86,14,379
2006,14,"City",2,"Einelternfamilientarif",,,
2006,21,"Wollishofen",0,"Grundtarif",36,3,185.5
2006,21,"Wollishofen",1,"Verheiratetentarif",159,25,498
2006,21,"Wollishofen",2,"Einelternfamilientarif",10,0,70.5
2006,23,"Leimbach",0,"Grundtarif",30,1,164
2006,23,"Leimbach",1,"Verheiratetentarif",120,15,359
2006,23,"Leimbach",2,"Einelternfamilientarif",10,0,57
2006,24,"Enge",0,"Grundtarif",44,3,255
2006,24,"Enge",1,"Verheiratetentarif",269,31,947
2006,24,"Enge",2,"Einelternfamilientarif",26,0,200
2006,31,"Alt-Wiedikon",0,"Grundtarif",26,0,119
2006,31,"Alt-Wiedikon",1,"Verheiratetentarif",66.5,0,306
2006,31,"Alt-Wiedikon",2,"Einelternfamilientarif",6,0,56
2006,33,"Friesenberg",0,"Grundtarif",17,0,92
2006,33,"Friesenberg",1,"Verheiratetentarif",70,4,217
2006,33,"Friesenberg",2,"Einelternfamilientarif",6,0,40
2006,34,"Sihlfeld",0,"Grundtarif",17,0,99
2006,34,"Sihlfeld",1,"Verheiratetentarif",30,0,185
2006,34,"Sihlfeld",2,"Einelternfamilientarif",1,0,33
2006,41,"Werd",0,"Grundtarif",19,0,90
2006,41,"Werd",1,"Verheiratetentarif",20,0,220
2006,41,"Werd",2,"Einelternfamilientarif",23,0,130
2006,42,"Langstrasse",0,"Grundtarif",6,0,56
2006,42,"Langstrasse",1,"Verheiratetentarif",2,0,97
2006,42,"Langstrasse",2,"Einelternfamilientarif",0.5,0,58
2006,44,"Hard",0,"Grundtarif",5,0,52
2006,44,"Hard",1,"Verheiratetentarif",1,0,78
2006,44,"Hard",2,"Einelternfamilientarif",0,0,9
2006,51,"Gewerbeschule",0,"Grundtarif",14,0,75
2006,51,"Gewerbeschule",1,"Verheiratetentarif",12,0,134
2006,51,"Gewerbeschule",2,"Einelternfamilientarif",9,0,80
2006,52,"Escher Wyss",0,"Grundtarif",23,0,113
2006,52,"Escher Wyss",1,"Verheiratetentarif",106,8,430
2006,52,"Escher Wyss",2,"Einelternfamilientarif",6,0,71
2006,61,"Unterstrass",0,"Grundtarif",36,2,164
2006,61,"Unterstrass",1,"Verheiratetentarif",122,19,395
2006,61,"Unterstrass",2,"Einelternfamilientarif",17,0,100
2006,63,"Oberstrass",0,"Grundtarif",58,7,274
2006,63,"Oberstrass",1,"Verheiratetentarif",356,83,1114.5
2006,63,"Oberstrass",2,"Einelternfamilientarif",56,6,229
2006,71,"Fluntern",0,"Grundtarif",90.5,9,491
2006,71,"Fluntern",1,"Verheiratetentarif",699,153,2432
2006,71,"Fluntern",2,"Einelternfamilientarif",64.5,0,308
2006,72,"Hottingen",0,"Grundtarif",58,5,326
2006,72,"Hottingen",1,"Verheiratetentarif",399,100,1367
2006,72,"Hottingen",2,"Einelternfamilientarif",48.5,7,244.5
2006,73,"Hirslanden",0,"Grundtarif",50,6,243
2006,73,"Hirslanden",1,"Verheiratetentarif",267,56,930
2006,73,"Hirslanden",2,"Einelternfamilientarif",39,1,185
2006,74,"Witikon",0,"Grundtarif",84,9,390
2006,74,"Witikon",1,"Verheiratetentarif",313,76,1012
2006,74,"Witikon",2,"Einelternfamilientarif",28,0,220
2006,81,"Seefeld",0,"Grundtarif",43,2,214
2006,81,"Seefeld",1,"Verheiratetentarif",214.5,31,852
2006,81,"Seefeld",2,"Einelternfamilientarif",45,0,135
2006,82,"Mühlebach",0,"Grundtarif",44,3,214.5
2006,82,"Mühlebach",1,"Verheiratetentarif",210,40,687
2006,82,"Mühlebach",2,"Einelternfamilientarif",20.5,0,191.5
2006,83,"Weinegg",0,"Grundtarif",49,3,264
2006,83,"Weinegg",1,"Verheiratetentarif",232.5,35,826
2006,83,"Weinegg",2,"Einelternfamilientarif",15,0,107
2006,91,"Albisrieden",0,"Grundtarif",29,0,147
2006,91,"Albisrieden",1,"Verheiratetentarif",112,10,369
2006,91,"Albisrieden",2,"Einelternfamilientarif",5,0,50
2006,92,"Altstetten",0,"Grundtarif",14,0,97
2006,92,"Altstetten",1,"Verheiratetentarif",40,0,212
2006,92,"Altstetten",2,"Einelternfamilientarif",0,0,24.5
2006,101,"Höngg",0,"Grundtarif",49,5,237
2006,101,"Höngg",1,"Verheiratetentarif",208,45,607
2006,101,"Höngg",2,"Einelternfamilientarif",17,0,93
2006,102,"Wipkingen",0,"Grundtarif",25,0,118
2006,102,"Wipkingen",1,"Verheiratetentarif",76,0,340
2006,102,"Wipkingen",2,"Einelternfamilientarif",14,0,66
2006,111,"Affoltern",0,"Grundtarif",17,0,97
2006,111,"Affoltern",1,"Verheiratetentarif",70,0,251.5
2006,111,"Affoltern",2,"Einelternfamilientarif",3,0,33
2006,115,"Oerlikon",0,"Grundtarif",24,0,127
2006,115,"Oerlikon",1,"Verheiratetentarif",89,1,343
2006,115,"Oerlikon",2,"Einelternfamilientarif",8,0,62
2006,119,"Seebach",0,"Grundtarif",11,0,80
2006,119,"Seebach",1,"Verheiratetentarif",39,0,226
2006,119,"Seebach",2,"Einelternfamilientarif",0,0,23
2006,121,"Saatlen",0,"Grundtarif",11,0,72
2006,121,"Saatlen",1,"Verheiratetentarif",30,0,146
2006,121,"Saatlen",2,"Einelternfamilientarif",1,0,21
2006,122,"Schwamendingen-Mitte",0,"Grundtarif",9,0,79
2006,122,"Schwamendingen-Mitte",1,"Verheiratetentarif",23,0,186
2006,122,"Schwamendingen-Mitte",2,"Einelternfamilientarif",0,0,11
2006,123,"Hirzenbach",0,"Grundtarif",11,0,70.375
2006,123,"Hirzenbach",1,"Verheiratetentarif",30,0,163
2006,123,"Hirzenbach",2,"Einelternfamilientarif",0,0,11
2007,11,"Rathaus",0,"Grundtarif",25,0,190
2007,11,"Rathaus",1,"Verheiratetentarif",288.5,57,992
2007,11,"Rathaus",2,"Einelternfamilientarif",71,3.5,237
2007,12,"Hochschulen",0,"Grundtarif",60,3,332
2007,12,"Hochschulen",1,"Verheiratetentarif",337,26,1159
2007,12,"Hochschulen",2,"Einelternfamilientarif",,,
2007,13,"Lindenhof",0,"Grundtarif",59,3,336
2007,13,"Lindenhof",1,"Verheiratetentarif",442,91,1677
2007,13,"Lindenhof",2,"Einelternfamilientarif",,,
2007,14,"City",0,"Grundtarif",18,0,113
2007,14,"City",1,"Verheiratetentarif",140,9,517
2007,14,"City",2,"Einelternfamilientarif",,,
2007,21,"Wollishofen",0,"Grundtarif",36,3,187
2007,21,"Wollishofen",1,"Verheiratetentarif",168,25,510
2007,21,"Wollishofen",2,"Einelternfamilientarif",15,0,76
2007,23,"Leimbach",0,"Grundtarif",31,1,160
2007,23,"Leimbach",1,"Verheiratetentarif",114.5,11,363
2007,23,"Leimbach",2,"Einelternfamilientarif",6.5,0,42.5
2007,24,"Enge",0,"Grundtarif",49,3,263
2007,24,"Enge",1,"Verheiratetentarif",271,38,920
2007,24,"Enge",2,"Einelternfamilientarif",26,0,157
2007,31,"Alt-Wiedikon",0,"Grundtarif",27,0,119
2007,31,"Alt-Wiedikon",1,"Verheiratetentarif",68,0,323.5
2007,31,"Alt-Wiedikon",2,"Einelternfamilientarif",7,0,72
2007,33,"Friesenberg",0,"Grundtarif",17,0,90
2007,33,"Friesenberg",1,"Verheiratetentarif",74,5,226
2007,33,"Friesenberg",2,"Einelternfamilientarif",9,0,50
2007,34,"Sihlfeld",0,"Grundtarif",18,0,96
2007,34,"Sihlfeld",1,"Verheiratetentarif",29,0,186
2007,34,"Sihlfeld",2,"Einelternfamilientarif",2,0,39
2007,41,"Werd",0,"Grundtarif",21,0,93
2007,41,"Werd",1,"Verheiratetentarif",37,0,248
2007,41,"Werd",2,"Einelternfamilientarif",18,0,77
2007,42,"Langstrasse",0,"Grundtarif",7,0,56
2007,42,"Langstrasse",1,"Verheiratetentarif",5,0,116
2007,42,"Langstrasse",2,"Einelternfamilientarif",0,0,36
2007,44,"Hard",0,"Grundtarif",6,0,50
2007,44,"Hard",1,"Verheiratetentarif",2,0,74
2007,44,"Hard",2,"Einelternfamilientarif",0,0,7
2007,51,"Gewerbeschule",0,"Grundtarif",15,0,80
2007,51,"Gewerbeschule",1,"Verheiratetentarif",19,0,141.5
2007,51,"Gewerbeschule",2,"Einelternfamilientarif",10,0,65
2007,52,"Escher Wyss",0,"Grundtarif",26,0,117
2007,52,"Escher Wyss",1,"Verheiratetentarif",119,9,431
2007,52,"Escher Wyss",2,"Einelternfamilientarif",13,0,78
2007,61,"Unterstrass",0,"Grundtarif",37,3,159
2007,61,"Unterstrass",1,"Verheiratetentarif",127,18,415
2007,61,"Unterstrass",2,"Einelternfamilientarif",20,0,104
2007,63,"Oberstrass",0,"Grundtarif",62,8,290
2007,63,"Oberstrass",1,"Verheiratetentarif",369.5,77,1119
2007,63,"Oberstrass",2,"Einelternfamilientarif",55.5,6.5,263
2007,71,"Fluntern",0,"Grundtarif",95,10,507
2007,71,"Fluntern",1,"Verheiratetentarif",684,158,2415
2007,71,"Fluntern",2,"Einelternfamilientarif",91,2,363
2007,72,"Hottingen",0,"Grundtarif",62,6,334
2007,72,"Hottingen",1,"Verheiratetentarif",432,103,1478.5
2007,72,"Hottingen",2,"Einelternfamilientarif",52,5,272
2007,73,"Hirslanden",0,"Grundtarif",52,7,241
2007,73,"Hirslanden",1,"Verheiratetentarif",271,57,1000
2007,73,"Hirslanden",2,"Einelternfamilientarif",34.5,0,209
2007,74,"Witikon",0,"Grundtarif",82,8,385
2007,74,"Witikon",1,"Verheiratetentarif",309,70,1013
2007,74,"Witikon",2,"Einelternfamilientarif",28,0,228
2007,81,"Seefeld",0,"Grundtarif",45,1,220
2007,81,"Seefeld",1,"Verheiratetentarif",205,27,840
2007,81,"Seefeld",2,"Einelternfamilientarif",50.5,2.5,186
2007,82,"Mühlebach",0,"Grundtarif",47,4,217
2007,82,"Mühlebach",1,"Verheiratetentarif",207.5,35.5,728
2007,82,"Mühlebach",2,"Einelternfamilientarif",26,0,231
2007,83,"Weinegg",0,"Grundtarif",47,4,263
2007,83,"Weinegg",1,"Verheiratetentarif",245,38,898
2007,83,"Weinegg",2,"Einelternfamilientarif",35,1,180
2007,91,"Albisrieden",0,"Grundtarif",29,1,145
2007,91,"Albisrieden",1,"Verheiratetentarif",112,11,377
2007,91,"Albisrieden",2,"Einelternfamilientarif",7,0,59.5
2007,92,"Altstetten",0,"Grundtarif",14,0,97
2007,92,"Altstetten",1,"Verheiratetentarif",37,0,212
2007,92,"Altstetten",2,"Einelternfamilientarif",0,0,22
2007,101,"Höngg",0,"Grundtarif",49,5,237.5
2007,101,"Höngg",1,"Verheiratetentarif",219,45,635
2007,101,"Höngg",2,"Einelternfamilientarif",17,0,102
2007,102,"Wipkingen",0,"Grundtarif",26,1,119
2007,102,"Wipkingen",1,"Verheiratetentarif",83,1.5,372.5
2007,102,"Wipkingen",2,"Einelternfamilientarif",14,0,74
2007,111,"Affoltern",0,"Grundtarif",15,0,92
2007,111,"Affoltern",1,"Verheiratetentarif",61,0,237
2007,111,"Affoltern",2,"Einelternfamilientarif",2,0,29
2007,115,"Oerlikon",0,"Grundtarif",25,0,129
2007,115,"Oerlikon",1,"Verheiratetentarif",95,2,368
2007,115,"Oerlikon",2,"Einelternfamilientarif",5,0,58.5
2007,119,"Seebach",0,"Grundtarif",12,0,82
2007,119,"Seebach",1,"Verheiratetentarif",42,0,235
2007,119,"Seebach",2,"Einelternfamilientarif",0,0,21.5
2007,121,"Saatlen",0,"Grundtarif",11,0,71
2007,121,"Saatlen",1,"Verheiratetentarif",28,0,147
2007,121,"Saatlen",2,"Einelternfamilientarif",0,0,18
2007,122,"Schwamendingen-Mitte",0,"Grundtarif",9,0,77
2007,122,"Schwamendingen-Mitte",1,"Verheiratetentarif",24,0,186
2007,122,"Schwamendingen-Mitte",2,"Einelternfamilientarif",0,0,9.5
2007,123,"Hirzenbach",0,"Grundtarif",10,0,69
2007,123,"Hirzenbach",1,"Verheiratetentarif",27,0,152
2007,123,"Hirzenbach",2,"Einelternfamilientarif",0,0,14
2008,11,"Rathaus",0,"Grundtarif",28,0,182
2008,11,"Rathaus",1,"Verheiratetentarif",268,63,1005
2008,11,"Rathaus",2,"Einelternfamilientarif",72,0,298
2008,12,"Hochschulen",0,"Grundtarif",47,2,282
2008,12,"Hochschulen",1,"Verheiratetentarif",235,38,1028
2008,12,"Hochschulen",2,"Einelternfamilientarif",,,
2008,13,"Lindenhof",0,"Grundtarif",55.5,4,341
2008,13,"Lindenhof",1,"Verheiratetentarif",474,113,1655
2008,13,"Lindenhof",2,"Einelternfamilientarif",,,
2008,14,"City",0,"Grundtarif",19,0,115
2008,14,"City",1,"Verheiratetentarif",76,16,524
2008,14,"City",2,"Einelternfamilientarif",,,
2008,21,"Wollishofen",0,"Grundtarif",35,3,171
2008,21,"Wollishofen",1,"Verheiratetentarif",163,27,481
2008,21,"Wollishofen",2,"Einelternfamilientarif",18,0,96
2008,23,"Leimbach",0,"Grundtarif",30,1,156
2008,23,"Leimbach",1,"Verheiratetentarif",100,11,312
2008,23,"Leimbach",2,"Einelternfamilientarif",4,0,41
2008,24,"Enge",0,"Grundtarif",45,3,230
2008,24,"Enge",1,"Verheiratetentarif",250,39,853
2008,24,"Enge",2,"Einelternfamilientarif",34,0,147.5
2008,31,"Alt-Wiedikon",0,"Grundtarif",28,1,113
2008,31,"Alt-Wiedikon",1,"Verheiratetentarif",69,1,305
2008,31,"Alt-Wiedikon",2,"Einelternfamilientarif",9,0,102
2008,33,"Friesenberg",0,"Grundtarif",18,0,87
2008,33,"Friesenberg",1,"Verheiratetentarif",77,8,224
2008,33,"Friesenberg",2,"Einelternfamilientarif",8,0,40
2008,34,"Sihlfeld",0,"Grundtarif",18,0,91
2008,34,"Sihlfeld",1,"Verheiratetentarif",25.5,0,178
2008,34,"Sihlfeld",2,"Einelternfamilientarif",2,0,34
2008,41,"Werd",0,"Grundtarif",19,0,88
2008,41,"Werd",1,"Verheiratetentarif",35,0,229
2008,41,"Werd",2,"Einelternfamilientarif",11,0,69
2008,42,"Langstrasse",0,"Grundtarif",8,0,56
2008,42,"Langstrasse",1,"Verheiratetentarif",7,0,121
2008,42,"Langstrasse",2,"Einelternfamilientarif",1,0,48
2008,44,"Hard",0,"Grundtarif",7,0,51
2008,44,"Hard",1,"Verheiratetentarif",2,0,66.5
2008,44,"Hard",2,"Einelternfamilientarif",0,0,14
2008,51,"Gewerbeschule",0,"Grundtarif",15,0,77
2008,51,"Gewerbeschule",1,"Verheiratetentarif",21,0,152.5
2008,51,"Gewerbeschule",2,"Einelternfamilientarif",11.5,0,74.5
2008,52,"Escher Wyss",0,"Grundtarif",26,0,111
2008,52,"Escher Wyss",1,"Verheiratetentarif",90,5,373
2008,52,"Escher Wyss",2,"Einelternfamilientarif",16,0,105
2008,61,"Unterstrass",0,"Grundtarif",36,3,149
2008,61,"Unterstrass",1,"Verheiratetentarif",128,18,394
2008,61,"Unterstrass",2,"Einelternfamilientarif",20.5,0,103
2008,63,"Oberstrass",0,"Grundtarif",59,8,259
2008,63,"Oberstrass",1,"Verheiratetentarif",346.5,82.5,1059
2008,63,"Oberstrass",2,"Einelternfamilientarif",55,6,242
2008,71,"Fluntern",0,"Grundtarif",87,10,464
2008,71,"Fluntern",1,"Verheiratetentarif",631,149,2114
2008,71,"Fluntern",2,"Einelternfamilientarif",71,0,308
2008,72,"Hottingen",0,"Grundtarif",55,5,301
2008,72,"Hottingen",1,"Verheiratetentarif",380,94,1245
2008,72,"Hottingen",2,"Einelternfamilientarif",77,6,299
2008,73,"Hirslanden",0,"Grundtarif",49,6,233
2008,73,"Hirslanden",1,"Verheiratetentarif",265.5,54.5,939
2008,73,"Hirslanden",2,"Einelternfamilientarif",28,0,163
2008,74,"Witikon",0,"Grundtarif",78,9,349
2008,74,"Witikon",1,"Verheiratetentarif",302,65,946
2008,74,"Witikon",2,"Einelternfamilientarif",31.5,0,185
2008,81,"Seefeld",0,"Grundtarif",50,3,210
2008,81,"Seefeld",1,"Verheiratetentarif",200,39,788
2008,81,"Seefeld",2,"Einelternfamilientarif",46,2,179
2008,82,"Mühlebach",0,"Grundtarif",45,4,199
2008,82,"Mühlebach",1,"Verheiratetentarif",223.5,42,711
2008,82,"Mühlebach",2,"Einelternfamilientarif",44,3,278
2008,83,"Weinegg",0,"Grundtarif",43,3,227
2008,83,"Weinegg",1,"Verheiratetentarif",245.5,44,810.5
2008,83,"Weinegg",2,"Einelternfamilientarif",20,0,120
2008,91,"Albisrieden",0,"Grundtarif",28,1,132
2008,91,"Albisrieden",1,"Verheiratetentarif",112,11,364
2008,91,"Albisrieden",2,"Einelternfamilientarif",11,0,74
2008,92,"Altstetten",0,"Grundtarif",13,0,89
2008,92,"Altstetten",1,"Verheiratetentarif",35,0,200
2008,92,"Altstetten",2,"Einelternfamilientarif",0,0,22
2008,101,"Höngg",0,"Grundtarif",48,5,223
2008,101,"Höngg",1,"Verheiratetentarif",208,41,587
2008,101,"Höngg",2,"Einelternfamilientarif",21,0,111
2008,102,"Wipkingen",0,"Grundtarif",28,1,113
2008,102,"Wipkingen",1,"Verheiratetentarif",76.5,1,322
2008,102,"Wipkingen",2,"Einelternfamilientarif",13,0,79
2008,111,"Affoltern",0,"Grundtarif",14,0,83
2008,111,"Affoltern",1,"Verheiratetentarif",55,0,216
2008,111,"Affoltern",2,"Einelternfamilientarif",1,0,29
2008,115,"Oerlikon",0,"Grundtarif",25,0,125
2008,115,"Oerlikon",1,"Verheiratetentarif",85,2,343
2008,115,"Oerlikon",2,"Einelternfamilientarif",8,0,63
2008,119,"Seebach",0,"Grundtarif",13,0,82
2008,119,"Seebach",1,"Verheiratetentarif",40,0,223.5
2008,119,"Seebach",2,"Einelternfamilientarif",0,0,22
2008,121,"Saatlen",0,"Grundtarif",10,0,66
2008,121,"Saatlen",1,"Verheiratetentarif",24.5,0,140
2008,121,"Saatlen",2,"Einelternfamilientarif",1,0,21
2008,122,"Schwamendingen-Mitte",0,"Grundtarif",10,0,76
2008,122,"Schwamendingen-Mitte",1,"Verheiratetentarif",20,0,182.5
2008,122,"Schwamendingen-Mitte",2,"Einelternfamilientarif",0,0,10
2008,123,"Hirzenbach",0,"Grundtarif",9,0,60
2008,123,"Hirzenbach",1,"Verheiratetentarif",23,0,137
2008,123,"Hirzenbach",2,"Einelternfamilientarif",0,0,12
2009,11,"Rathaus",0,"Grundtarif",34,0,206
2009,11,"Rathaus",1,"Verheiratetentarif",310.5,59,1087
2009,11,"Rathaus",2,"Einelternfamilientarif",101,5,236
2009,12,"Hochschulen",0,"Grundtarif",44,3,321
2009,12,"Hochschulen",1,"Verheiratetentarif",284.5,22,1202
2009,12,"Hochschulen",2,"Einelternfamilientarif",,,
2009,13,"Lindenhof",0,"Grundtarif",69,4,401
2009,13,"Lindenhof",1,"Verheiratetentarif",422,77,1886
2009,13,"Lindenhof",2,"Einelternfamilientarif",,,
2009,14,"City",0,"Grundtarif",20,0,113
2009,14,"City",1,"Verheiratetentarif",100,13.5,578
2009,14,"City",2,"Einelternfamilientarif",,,
2009,21,"Wollishofen",0,"Grundtarif",37,3,173
2009,21,"Wollishofen",1,"Verheiratetentarif",179,30,527
2009,21,"Wollishofen",2,"Einelternfamilientarif",19,0,105
2009,23,"Leimbach",0,"Grundtarif",30,0,158
2009,23,"Leimbach",1,"Verheiratetentarif",122.5,15,355.5
2009,23,"Leimbach",2,"Einelternfamilientarif",7,0,49.5
2009,24,"Enge",0,"Grundtarif",52,4,264
2009,24,"Enge",1,"Verheiratetentarif",269,45,912
2009,24,"Enge",2,"Einelternfamilientarif",44,1,183.5
2009,31,"Alt-Wiedikon",0,"Grundtarif",30,1,126
2009,31,"Alt-Wiedikon",1,"Verheiratetentarif",81,2,333.5
2009,31,"Alt-Wiedikon",2,"Einelternfamilientarif",14.5,0,122
2009,33,"Friesenberg",0,"Grundtarif",19,0,93
2009,33,"Friesenberg",1,"Verheiratetentarif",82.5,8,242
2009,33,"Friesenberg",2,"Einelternfamilientarif",7,0,49
2009,34,"Sihlfeld",0,"Grundtarif",18,0,96
2009,34,"Sihlfeld",1,"Verheiratetentarif",28,0,186
2009,34,"Sihlfeld",2,"Einelternfamilientarif",1,0,37.5
2009,41,"Werd",0,"Grundtarif",23,0,103
2009,41,"Werd",1,"Verheiratetentarif",41,0,215
2009,41,"Werd",2,"Einelternfamilientarif",21,0,81.5
2009,42,"Langstrasse",0,"Grundtarif",9,0,62
2009,42,"Langstrasse",1,"Verheiratetentarif",8,0,130
2009,42,"Langstrasse",2,"Einelternfamilientarif",0,0,66
2009,44,"Hard",0,"Grundtarif",7,0,53
2009,44,"Hard",1,"Verheiratetentarif",3,0,68
2009,44,"Hard",2,"Einelternfamilientarif",0,0,16
2009,51,"Gewerbeschule",0,"Grundtarif",15,0,82
2009,51,"Gewerbeschule",1,"Verheiratetentarif",25,0,174
2009,51,"Gewerbeschule",2,"Einelternfamilientarif",17.5,0,85
2009,52,"Escher Wyss",0,"Grundtarif",29,1,138
2009,52,"Escher Wyss",1,"Verheiratetentarif",133,8,435
2009,52,"Escher Wyss",2,"Einelternfamilientarif",39,1,120
2009,61,"Unterstrass",0,"Grundtarif",37,3,155
2009,61,"Unterstrass",1,"Verheiratetentarif",139,24,429.5
2009,61,"Unterstrass",2,"Einelternfamilientarif",23,0,117
2009,63,"Oberstrass",0,"Grundtarif",63,9,281
2009,63,"Oberstrass",1,"Verheiratetentarif",405,107,1214
2009,63,"Oberstrass",2,"Einelternfamilientarif",68,12.5,265
2009,71,"Fluntern",0,"Grundtarif",86,10,501
2009,71,"Fluntern",1,"Verheiratetentarif",705,165,2360
2009,71,"Fluntern",2,"Einelternfamilientarif",101,5,478
2009,72,"Hottingen",0,"Grundtarif",64,7,324.5
2009,72,"Hottingen",1,"Verheiratetentarif",446,111,1449
2009,72,"Hottingen",2,"Einelternfamilientarif",118.5,12,385
2009,73,"Hirslanden",0,"Grundtarif",49,6,233
2009,73,"Hirslanden",1,"Verheiratetentarif",310,64,1065
2009,73,"Hirslanden",2,"Einelternfamilientarif",40,2,197
2009,74,"Witikon",0,"Grundtarif",78.5,9,371
2009,74,"Witikon",1,"Verheiratetentarif",358,73,1091
2009,74,"Witikon",2,"Einelternfamilientarif",45,1.5,220
2009,81,"Seefeld",0,"Grundtarif",57,4,237
2009,81,"Seefeld",1,"Verheiratetentarif",225,51,809
2009,81,"Seefeld",2,"Einelternfamilientarif",52.5,0,267
2009,82,"Mühlebach",0,"Grundtarif",52,5,211
2009,82,"Mühlebach",1,"Verheiratetentarif",257,54,847
2009,82,"Mühlebach",2,"Einelternfamilientarif",30,0,244
2009,83,"Weinegg",0,"Grundtarif",46,3,236
2009,83,"Weinegg",1,"Verheiratetentarif",284,52,937
2009,83,"Weinegg",2,"Einelternfamilientarif",59,5,159
2009,91,"Albisrieden",0,"Grundtarif",30,1,144
2009,91,"Albisrieden",1,"Verheiratetentarif",124,13,401
2009,91,"Albisrieden",2,"Einelternfamilientarif",15,0,91
2009,92,"Altstetten",0,"Grundtarif",14,0,93
2009,92,"Altstetten",1,"Verheiratetentarif",41,0,221.5
2009,92,"Altstetten",2,"Einelternfamilientarif",0,0,24
2009,101,"Höngg",0,"Grundtarif",51,5,239
2009,101,"Höngg",1,"Verheiratetentarif",234,51,666
2009,101,"Höngg",2,"Einelternfamilientarif",25,0,144.5
2009,102,"Wipkingen",0,"Grundtarif",29,2,121.5
2009,102,"Wipkingen",1,"Verheiratetentarif",96,5,371
2009,102,"Wipkingen",2,"Einelternfamilientarif",21.5,0,105
2009,111,"Affoltern",0,"Grundtarif",15,0,89
2009,111,"Affoltern",1,"Verheiratetentarif",59,0,229
2009,111,"Affoltern",2,"Einelternfamilientarif",3,0,36
2009,115,"Oerlikon",0,"Grundtarif",27,0,135
2009,115,"Oerlikon",1,"Verheiratetentarif",107,3,392
2009,115,"Oerlikon",2,"Einelternfamilientarif",10.5,0,73
2009,119,"Seebach",0,"Grundtarif",14,0,88.5
2009,119,"Seebach",1,"Verheiratetentarif",46,0,244
2009,119,"Seebach",2,"Einelternfamilientarif",0,0,29
2009,121,"Saatlen",0,"Grundtarif",10,0,64.5
2009,121,"Saatlen",1,"Verheiratetentarif",27,0,151
2009,121,"Saatlen",2,"Einelternfamilientarif",1,0,25
2009,122,"Schwamendingen-Mitte",0,"Grundtarif",11,0,77
2009,122,"Schwamendingen-Mitte",1,"Verheiratetentarif",19,0,184
2009,122,"Schwamendingen-Mitte",2,"Einelternfamilientarif",0,0,7
2009,123,"Hirzenbach",0,"Grundtarif",9,0,63
2009,123,"Hirzenbach",1,"Verheiratetentarif",23,0,143
2009,123,"Hirzenbach",2,"Einelternfamilientarif",0,0,14
2010,11,"Rathaus",0,"Grundtarif",33,0,194
2010,11,"Rathaus",1,"Verheiratetentarif",307,53,1013
2010,11,"Rathaus",2,"Einelternfamilientarif",96,3,403
2010,12,"Hochschulen",0,"Grundtarif",45,4,336
2010,12,"Hochschulen",1,"Verheiratetentarif",334.5,57,1453
2010,12,"Hochschulen",2,"Einelternfamilientarif",,,
2010,13,"Lindenhof",0,"Grundtarif",69,2,395
2010,13,"Lindenhof",1,"Verheiratetentarif",384.5,93,1494
2010,13,"Lindenhof",2,"Einelternfamilientarif",,,
2010,14,"City",0,"Grundtarif",18.5,0,114
2010,14,"City",1,"Verheiratetentarif",155,9,672
2010,14,"City",2,"Einelternfamilientarif",,,
2010,21,"Wollishofen",0,"Grundtarif",37,3,176
2010,21,"Wollishofen",1,"Verheiratetentarif",186,37,545
2010,21,"Wollishofen",2,"Einelternfamilientarif",17,0,90
2010,23,"Leimbach",0,"Grundtarif",30,1,148.5
2010,23,"Leimbach",1,"Verheiratetentarif",128,15,370
2010,23,"Leimbach",2,"Einelternfamilientarif",6,0,38
2010,24,"Enge",0,"Grundtarif",52,4,280
2010,24,"Enge",1,"Verheiratetentarif",280,45,991
2010,24,"Enge",2,"Einelternfamilientarif",36,2,141
2010,31,"Alt-Wiedikon",0,"Grundtarif",32,1,133
2010,31,"Alt-Wiedikon",1,"Verheiratetentarif",92,2,372
2010,31,"Alt-Wiedikon",2,"Einelternfamilientarif",21.5,0,107
2010,33,"Friesenberg",0,"Grundtarif",19,0,100
2010,33,"Friesenberg",1,"Verheiratetentarif",81,7,249.5
2010,33,"Friesenberg",2,"Einelternfamilientarif",8,0,58
2010,34,"Sihlfeld",0,"Grundtarif",18,0,97
2010,34,"Sihlfeld",1,"Verheiratetentarif",32,0,193
2010,34,"Sihlfeld",2,"Einelternfamilientarif",3,0,47
2010,41,"Werd",0,"Grundtarif",22,0,106
2010,41,"Werd",1,"Verheiratetentarif",40.5,0,224
2010,41,"Werd",2,"Einelternfamilientarif",25,0,108
2010,42,"Langstrasse",0,"Grundtarif",9,0,65
2010,42,"Langstrasse",1,"Verheiratetentarif",10,0,131
2010,42,"Langstrasse",2,"Einelternfamilientarif",3,0,70
2010,44,"Hard",0,"Grundtarif",8,0,53
2010,44,"Hard",1,"Verheiratetentarif",2,0,70
2010,44,"Hard",2,"Einelternfamilientarif",0,0,20.5
2010,51,"Gewerbeschule",0,"Grundtarif",17,0,85
2010,51,"Gewerbeschule",1,"Verheiratetentarif",28,0,192
2010,51,"Gewerbeschule",2,"Einelternfamilientarif",23.5,0,93
2010,52,"Escher Wyss",0,"Grundtarif",29,0,142
2010,52,"Escher Wyss",1,"Verheiratetentarif",145.5,13,431
2010,52,"Escher Wyss",2,"Einelternfamilientarif",52,0,182
2010,61,"Unterstrass",0,"Grundtarif",38,3,157
2010,61,"Unterstrass",1,"Verheiratetentarif",140,21,435.5
2010,61,"Unterstrass",2,"Einelternfamilientarif",26.5,0,132
2010,63,"Oberstrass",0,"Grundtarif",59,8,278
2010,63,"Oberstrass",1,"Verheiratetentarif",421.5,124,1187
2010,63,"Oberstrass",2,"Einelternfamilientarif",83,10,295
2010,71,"Fluntern",0,"Grundtarif",86,10,493
2010,71,"Fluntern",1,"Verheiratetentarif",715,171,2224
2010,71,"Fluntern",2,"Einelternfamilientarif",101,21,473
2010,72,"Hottingen",0,"Grundtarif",65,6,328
2010,72,"Hottingen",1,"Verheiratetentarif",456,109,1457
2010,72,"Hottingen",2,"Einelternfamilientarif",101,9,316
2010,73,"Hirslanden",0,"Grundtarif",51,8,240
2010,73,"Hirslanden",1,"Verheiratetentarif",303,59,1094
2010,73,"Hirslanden",2,"Einelternfamilientarif",32,1,164
2010,74,"Witikon",0,"Grundtarif",79,8,382
2010,74,"Witikon",1,"Verheiratetentarif",373,71,1156
2010,74,"Witikon",2,"Einelternfamilientarif",45,0,196
2010,81,"Seefeld",0,"Grundtarif",60,5,248
2010,81,"Seefeld",1,"Verheiratetentarif",263,57,897
2010,81,"Seefeld",2,"Einelternfamilientarif",50.5,4,228
2010,82,"Mühlebach",0,"Grundtarif",53,5,217
2010,82,"Mühlebach",1,"Verheiratetentarif",248.5,61,816
2010,82,"Mühlebach",2,"Einelternfamilientarif",28,0,190.5
2010,83,"Weinegg",0,"Grundtarif",50,4,261
2010,83,"Weinegg",1,"Verheiratetentarif",286,54,979
2010,83,"Weinegg",2,"Einelternfamilientarif",57,4,196.5
2010,91,"Albisrieden",0,"Grundtarif",31,1,145
2010,91,"Albisrieden",1,"Verheiratetentarif",121,11,412
2010,91,"Albisrieden",2,"Einelternfamilientarif",23,0,110
2010,92,"Altstetten",0,"Grundtarif",14,0,92
2010,92,"Altstetten",1,"Verheiratetentarif",39,0,220
2010,92,"Altstetten",2,"Einelternfamilientarif",0,0,23
2010,101,"Höngg",0,"Grundtarif",52,6,246
2010,101,"Höngg",1,"Verheiratetentarif",237,50,683
2010,101,"Höngg",2,"Einelternfamilientarif",30,0,125
2010,102,"Wipkingen",0,"Grundtarif",30,2,125
2010,102,"Wipkingen",1,"Verheiratetentarif",105,5,391
2010,102,"Wipkingen",2,"Einelternfamilientarif",19,0,92
2010,111,"Affoltern",0,"Grundtarif",15,0,91
2010,111,"Affoltern",1,"Verheiratetentarif",61,0,231
2010,111,"Affoltern",2,"Einelternfamilientarif",1,0,36
2010,115,"Oerlikon",0,"Grundtarif",28,0,137
2010,115,"Oerlikon",1,"Verheiratetentarif",116,4,400
2010,115,"Oerlikon",2,"Einelternfamilientarif",13,0,90
2010,119,"Seebach",0,"Grundtarif",14,0,87
2010,119,"Seebach",1,"Verheiratetentarif",45,0,238
2010,119,"Seebach",2,"Einelternfamilientarif",0,0,27
2010,121,"Saatlen",0,"Grundtarif",10,0,63
2010,121,"Saatlen",1,"Verheiratetentarif",29,0,157
2010,121,"Saatlen",2,"Einelternfamilientarif",0,0,21
2010,122,"Schwamendingen-Mitte",0,"Grundtarif",11,0,75.5
2010,122,"Schwamendingen-Mitte",1,"Verheiratetentarif",19,0,185
2010,122,"Schwamendingen-Mitte",2,"Einelternfamilientarif",0,0,7
2010,123,"Hirzenbach",0,"Grundtarif",11,0,65
2010,123,"Hirzenbach",1,"Verheiratetentarif",23,0,140.5
2010,123,"Hirzenbach",2,"Einelternfamilientarif",0,0,14
2011,11,"Rathaus",0,"Grundtarif",43,1,225
2011,11,"Rathaus",1,"Verheiratetentarif",321,62,1095
2011,11,"Rathaus",2,"Einelternfamilientarif",73,8,445
2011,12,"Hochschulen",0,"Grundtarif",62.5,8,369
2011,12,"Hochschulen",1,"Verheiratetentarif",337.5,55,1415.5
2011,12,"Hochschulen",2,"Einelternfamilientarif",,,
2011,13,"Lindenhof",0,"Grundtarif",62.5,3,411
2011,13,"Lindenhof",1,"Verheiratetentarif",415,104,1720
2011,13,"Lindenhof",2,"Einelternfamilientarif",,,
2011,14,"City",0,"Grundtarif",20,2,129
2011,14,"City",1,"Verheiratetentarif",208.5,18,821.5
2011,14,"City",2,"Einelternfamilientarif",,,
2011,21,"Wollishofen",0,"Grundtarif",36,3,174
2011,21,"Wollishofen",1,"Verheiratetentarif",178.5,30,562
2011,21,"Wollishofen",2,"Einelternfamilientarif",19,0,101
2011,23,"Leimbach",0,"Grundtarif",30,1,152
2011,23,"Leimbach",1,"Verheiratetentarif",117.5,15,371
2011,23,"Leimbach",2,"Einelternfamilientarif",4,0,44
2011,24,"Enge",0,"Grundtarif",57,4,294
2011,24,"Enge",1,"Verheiratetentarif",283,49,1002
2011,24,"Enge",2,"Einelternfamilientarif",47,4,170
2011,31,"Alt-Wiedikon",0,"Grundtarif",34,1,142
2011,31,"Alt-Wiedikon",1,"Verheiratetentarif",105,4,405
2011,31,"Alt-Wiedikon",2,"Einelternfamilientarif",16,0,97
2011,33,"Friesenberg",0,"Grundtarif",19,0,100
2011,33,"Friesenberg",1,"Verheiratetentarif",83,6,260
2011,33,"Friesenberg",2,"Einelternfamilientarif",10,0,55
2011,34,"Sihlfeld",0,"Grundtarif",20,0,103
2011,34,"Sihlfeld",1,"Verheiratetentarif",33,0,200
2011,34,"Sihlfeld",2,"Einelternfamilientarif",2,0,46
2011,41,"Werd",0,"Grundtarif",26,0,110
2011,41,"Werd",1,"Verheiratetentarif",47,0,257
2011,41,"Werd",2,"Einelternfamilientarif",29.5,0,142
2011,42,"Langstrasse",0,"Grundtarif",10,0,67
2011,42,"Langstrasse",1,"Verheiratetentarif",10.5,0,159
2011,42,"Langstrasse",2,"Einelternfamilientarif",12,0,103
2011,44,"Hard",0,"Grundtarif",8,0,54
2011,44,"Hard",1,"Verheiratetentarif",3,0,72
2011,44,"Hard",2,"Einelternfamilientarif",0,0,17
2011,51,"Gewerbeschule",0,"Grundtarif",16,0,87
2011,51,"Gewerbeschule",1,"Verheiratetentarif",33,0,216
2011,51,"Gewerbeschule",2,"Einelternfamilientarif",25,0,110
2011,52,"Escher Wyss",0,"Grundtarif",31.5,0,148
2011,52,"Escher Wyss",1,"Verheiratetentarif",147,12,459
2011,52,"Escher Wyss",2,"Einelternfamilientarif",58,0,251
2011,61,"Unterstrass",0,"Grundtarif",37,2,164
2011,61,"Unterstrass",1,"Verheiratetentarif",150,25,452
2011,61,"Unterstrass",2,"Einelternfamilientarif",30,0,153
2011,63,"Oberstrass",0,"Grundtarif",61,8,285
2011,63,"Oberstrass",1,"Verheiratetentarif",424,127,1239
2011,63,"Oberstrass",2,"Einelternfamilientarif",89,21,277
2011,71,"Fluntern",0,"Grundtarif",90,9,522
2011,71,"Fluntern",1,"Verheiratetentarif",736.5,177.5,2292.5
2011,71,"Fluntern",2,"Einelternfamilientarif",121,25,545
2011,72,"Hottingen",0,"Grundtarif",68,5,342
2011,72,"Hottingen",1,"Verheiratetentarif",458,110,1533
2011,72,"Hottingen",2,"Einelternfamilientarif",114.5,15,327
2011,73,"Hirslanden",0,"Grundtarif",55,8,250
2011,73,"Hirslanden",1,"Verheiratetentarif",317.5,67.5,1188.5
2011,73,"Hirslanden",2,"Einelternfamilientarif",43,0,190
2011,74,"Witikon",0,"Grundtarif",81,8,391
2011,74,"Witikon",1,"Verheiratetentarif",373.5,82,1174
2011,74,"Witikon",2,"Einelternfamilientarif",31,1,159.5
2011,81,"Seefeld",0,"Grundtarif",59.5,6,256
2011,81,"Seefeld",1,"Verheiratetentarif",263.5,55.5,873
2011,81,"Seefeld",2,"Einelternfamilientarif",45.5,0,242
2011,82,"Mühlebach",0,"Grundtarif",55,4,242
2011,82,"Mühlebach",1,"Verheiratetentarif",261,52,846
2011,82,"Mühlebach",2,"Einelternfamilientarif",49,0,228
2011,83,"Weinegg",0,"Grundtarif",52,3,251
2011,83,"Weinegg",1,"Verheiratetentarif",293.5,51,1034
2011,83,"Weinegg",2,"Einelternfamilientarif",50,7,185
2011,91,"Albisrieden",0,"Grundtarif",30,1,144
2011,91,"Albisrieden",1,"Verheiratetentarif",128,12,418
2011,91,"Albisrieden",2,"Einelternfamilientarif",18.5,0,99
2011,92,"Altstetten",0,"Grundtarif",14,0,94
2011,92,"Altstetten",1,"Verheiratetentarif",38,0,218
2011,92,"Altstetten",2,"Einelternfamilientarif",0,0,30
2011,101,"Höngg",0,"Grundtarif",52,5,247
2011,101,"Höngg",1,"Verheiratetentarif",239,52,687
2011,101,"Höngg",2,"Einelternfamilientarif",35,0,135
2011,102,"Wipkingen",0,"Grundtarif",33,2,135
2011,102,"Wipkingen",1,"Verheiratetentarif",105,7,390
2011,102,"Wipkingen",2,"Einelternfamilientarif",23,0,99
2011,111,"Affoltern",0,"Grundtarif",16,0,90
2011,111,"Affoltern",1,"Verheiratetentarif",58,0,227
2011,111,"Affoltern",2,"Einelternfamilientarif",2,0,37
2011,115,"Oerlikon",0,"Grundtarif",30,0,140
2011,115,"Oerlikon",1,"Verheiratetentarif",117,4,408
2011,115,"Oerlikon",2,"Einelternfamilientarif",12,0,85
2011,119,"Seebach",0,"Grundtarif",14,0,93
2011,119,"Seebach",1,"Verheiratetentarif",46,0,245
2011,119,"Seebach",2,"Einelternfamilientarif",0,0,25
2011,121,"Saatlen",0,"Grundtarif",8,0,60
2011,121,"Saatlen",1,"Verheiratetentarif",32.5,0,170
2011,121,"Saatlen",2,"Einelternfamilientarif",2,0,26
2011,122,"Schwamendingen-Mitte",0,"Grundtarif",10,0,77
2011,122,"Schwamendingen-Mitte",1,"Verheiratetentarif",18,0,186
2011,122,"Schwamendingen-Mitte",2,"Einelternfamilientarif",0,0,9
2011,123,"Hirzenbach",0,"Grundtarif",10,0,64
2011,123,"Hirzenbach",1,"Verheiratetentarif",22,0,143
2011,123,"Hirzenbach",2,"Einelternfamilientarif",0,0,12
2012,11,"Rathaus",0,"Grundtarif",42,0,236
2012,11,"Rathaus",1,"Verheiratetentarif",291.5,55.5,1174.5
2012,11,"Rathaus",2,"Einelternfamilientarif",63,6,229
2012,12,"Hochschulen",0,"Grundtarif",50,8,385
2012,12,"Hochschulen",1,"Verheiratetentarif",417,62,1934
2012,12,"Hochschulen",2,"Einelternfamilientarif",,,
2012,13,"Lindenhof",0,"Grundtarif",73,4,435
2012,13,"Lindenhof",1,"Verheiratetentarif",419.5,99,1748
2012,13,"Lindenhof",2,"Einelternfamilientarif",,,
2012,14,"City",0,"Grundtarif",18,0,124
2012,14,"City",1,"Verheiratetentarif",239.5,18,1002
2012,14,"City",2,"Einelternfamilientarif",,,
2012,21,"Wollishofen",0,"Grundtarif",36,2,176
2012,21,"Wollishofen",1,"Verheiratetentarif",197,36,618
2012,21,"Wollishofen",2,"Einelternfamilientarif",21.5,0,104.5
2012,23,"Leimbach",0,"Grundtarif",28,0,157
2012,23,"Leimbach",1,"Verheiratetentarif",116,16,376.5
2012,23,"Leimbach",2,"Einelternfamilientarif",6,0,51
2012,24,"Enge",0,"Grundtarif",54,4,295
2012,24,"Enge",1,"Verheiratetentarif",302,53,1055
2012,24,"Enge",2,"Einelternfamilientarif",47.5,8,255
2012,31,"Alt-Wiedikon",0,"Grundtarif",35,1,147
2012,31,"Alt-Wiedikon",1,"Verheiratetentarif",116,5,438
2012,31,"Alt-Wiedikon",2,"Einelternfamilientarif",30,0,132
2012,33,"Friesenberg",0,"Grundtarif",18,0,95
2012,33,"Friesenberg",1,"Verheiratetentarif",86,7,278
2012,33,"Friesenberg",2,"Einelternfamilientarif",10.5,0,65
2012,34,"Sihlfeld",0,"Grundtarif",21,0,108
2012,34,"Sihlfeld",1,"Verheiratetentarif",38,0,213
2012,34,"Sihlfeld",2,"Einelternfamilientarif",6,0,58
2012,41,"Werd",0,"Grundtarif",28,0,125
2012,41,"Werd",1,"Verheiratetentarif",62.5,0,269
2012,41,"Werd",2,"Einelternfamilientarif",55,2,146
2012,42,"Langstrasse",0,"Grundtarif",11,0,71
2012,42,"Langstrasse",1,"Verheiratetentarif",20,0,180
2012,42,"Langstrasse",2,"Einelternfamilientarif",5,0,117
2012,44,"Hard",0,"Grundtarif",8,0,58
2012,44,"Hard",1,"Verheiratetentarif",3,0,73
2012,44,"Hard",2,"Einelternfamilientarif",1,0,24
2012,51,"Gewerbeschule",0,"Grundtarif",19,0,96
2012,51,"Gewerbeschule",1,"Verheiratetentarif",37,0,226
2012,51,"Gewerbeschule",2,"Einelternfamilientarif",30,0,117
2012,52,"Escher Wyss",0,"Grundtarif",33,1,141
2012,52,"Escher Wyss",1,"Verheiratetentarif",135,15,456
2012,52,"Escher Wyss",2,"Einelternfamilientarif",47.5,0,171
2012,61,"Unterstrass",0,"Grundtarif",40,2,166
2012,61,"Unterstrass",1,"Verheiratetentarif",160,24,490.21
2012,61,"Unterstrass",2,"Einelternfamilientarif",33,0,152
2012,63,"Oberstrass",0,"Grundtarif",62,8,289
2012,63,"Oberstrass",1,"Verheiratetentarif",447.5,136,1363
2012,63,"Oberstrass",2,"Einelternfamilientarif",90,16,308
2012,71,"Fluntern",0,"Grundtarif",96,8,565
2012,71,"Fluntern",1,"Verheiratetentarif",749,182,2397
2012,71,"Fluntern",2,"Einelternfamilientarif",104.5,17,601
2012,72,"Hottingen",0,"Grundtarif",66,5,353.5
2012,72,"Hottingen",1,"Verheiratetentarif",478,108,1607
2012,72,"Hottingen",2,"Einelternfamilientarif",122,15.5,404.5
2012,73,"Hirslanden",0,"Grundtarif",57,8,274
2012,73,"Hirslanden",1,"Verheiratetentarif",314,80,1242
2012,73,"Hirslanden",2,"Einelternfamilientarif",37,0,181
2012,74,"Witikon",0,"Grundtarif",75.5,7,385
2012,74,"Witikon",1,"Verheiratetentarif",377,90,1207
2012,74,"Witikon",2,"Einelternfamilientarif",46,2,200
2012,81,"Seefeld",0,"Grundtarif",68,6,279
2012,81,"Seefeld",1,"Verheiratetentarif",303,68,983
2012,81,"Seefeld",2,"Einelternfamilientarif",32.5,0,206.5
2012,82,"Mühlebach",0,"Grundtarif",61,5,259
2012,82,"Mühlebach",1,"Verheiratetentarif",285,64,904
2012,82,"Mühlebach",2,"Einelternfamilientarif",36,0,229
2012,83,"Weinegg",0,"Grundtarif",52,3,264
2012,83,"Weinegg",1,"Verheiratetentarif",304,39,1064
2012,83,"Weinegg",2,"Einelternfamilientarif",57,8.5,230.5
2012,91,"Albisrieden",0,"Grundtarif",31,1,148
2012,91,"Albisrieden",1,"Verheiratetentarif",137,13,430
2012,91,"Albisrieden",2,"Einelternfamilientarif",18,0,100.5
2012,92,"Altstetten",0,"Grundtarif",15,0,98
2012,92,"Altstetten",1,"Verheiratetentarif",37,0,229
2012,92,"Altstetten",2,"Einelternfamilientarif",0,0,27
2012,101,"Höngg",0,"Grundtarif",54,5,248
2012,101,"Höngg",1,"Verheiratetentarif",248.5,55,727.5
2012,101,"Höngg",2,"Einelternfamilientarif",35.5,0,141
2012,102,"Wipkingen",0,"Grundtarif",33,2,138
2012,102,"Wipkingen",1,"Verheiratetentarif",111,7,429
2012,102,"Wipkingen",2,"Einelternfamilientarif",24,0,112
2012,111,"Affoltern",0,"Grundtarif",17,0,93
2012,111,"Affoltern",1,"Verheiratetentarif",58.5,0,235
2012,111,"Affoltern",2,"Einelternfamilientarif",3,0,42
2012,115,"Oerlikon",0,"Grundtarif",31,0,144
2012,115,"Oerlikon",1,"Verheiratetentarif",118,4,422
2012,115,"Oerlikon",2,"Einelternfamilientarif",8,0,77
2012,119,"Seebach",0,"Grundtarif",14,0,92
2012,119,"Seebach",1,"Verheiratetentarif",47.5,0,245
2012,119,"Seebach",2,"Einelternfamilientarif",0,0,28
2012,121,"Saatlen",0,"Grundtarif",9,0,65
2012,121,"Saatlen",1,"Verheiratetentarif",27.5,0,170
2012,121,"Saatlen",2,"Einelternfamilientarif",1,0,22.5
2012,122,"Schwamendingen-Mitte",0,"Grundtarif",10,0,76.37
2012,122,"Schwamendingen-Mitte",1,"Verheiratetentarif",16,0,177
2012,122,"Schwamendingen-Mitte",2,"Einelternfamilientarif",0,0,7
2012,123,"Hirzenbach",0,"Grundtarif",10,0,65
2012,123,"Hirzenbach",1,"Verheiratetentarif",22,0,147
2012,123,"Hirzenbach",2,"Einelternfamilientarif",0,0,13
2013,11,"Rathaus",0,"Grundtarif",41,1,257
2013,11,"Rathaus",1,"Verheiratetentarif",307.5,63,1159.5
2013,11,"Rathaus",2,"Einelternfamilientarif",85,14,320.5
2013,12,"Hochschulen",0,"Grundtarif",42,5.5,334.5
2013,12,"Hochschulen",1,"Verheiratetentarif",353,46,1281
2013,12,"Hochschulen",2,"Einelternfamilientarif",,,
2013,13,"Lindenhof",0,"Grundtarif",79.5,5,434
2013,13,"Lindenhof",1,"Verheiratetentarif",505.5,100,2163
2013,13,"Lindenhof",2,"Einelternfamilientarif",,,
2013,14,"City",0,"Grundtarif",22.5,0,137
2013,14,"City",1,"Verheiratetentarif",225.5,31.5,945
2013,14,"City",2,"Einelternfamilientarif",,,
2013,21,"Wollishofen",0,"Grundtarif",38,3,187
2013,21,"Wollishofen",1,"Verheiratetentarif",201,36,645
2013,21,"Wollishofen",2,"Einelternfamilientarif",25,1,138
2013,23,"Leimbach",0,"Grundtarif",27,0,154
2013,23,"Leimbach",1,"Verheiratetentarif",107.5,13,380
2013,23,"Leimbach",2,"Einelternfamilientarif",6,0,48
2013,24,"Enge",0,"Grundtarif",61,4,318
2013,24,"Enge",1,"Verheiratetentarif",333,71,1149
2013,24,"Enge",2,"Einelternfamilientarif",48,1,187
2013,31,"Alt-Wiedikon",0,"Grundtarif",37,1,159
2013,31,"Alt-Wiedikon",1,"Verheiratetentarif",124.5,4,454
2013,31,"Alt-Wiedikon",2,"Einelternfamilientarif",36,0.5,169
2013,33,"Friesenberg",0,"Grundtarif",17,0,94
2013,33,"Friesenberg",1,"Verheiratetentarif",87.5,8,289
2013,33,"Friesenberg",2,"Einelternfamilientarif",18,0,73
2013,34,"Sihlfeld",0,"Grundtarif",23,0,110
2013,34,"Sihlfeld",1,"Verheiratetentarif",37,0,214
2013,34,"Sihlfeld",2,"Einelternfamilientarif",10,0,67
2013,41,"Werd",0,"Grundtarif",26,0,128
2013,41,"Werd",1,"Verheiratetentarif",68.5,0,327
2013,41,"Werd",2,"Einelternfamilientarif",70.5,7,184
2013,42,"Langstrasse",0,"Grundtarif",12,0,77
2013,42,"Langstrasse",1,"Verheiratetentarif",20,0,176
2013,42,"Langstrasse",2,"Einelternfamilientarif",11,0,102
2013,44,"Hard",0,"Grundtarif",9,0,60
2013,44,"Hard",1,"Verheiratetentarif",3,0,70
2013,44,"Hard",2,"Einelternfamilientarif",0,0,28
2013,51,"Gewerbeschule",0,"Grundtarif",20,0,101
2013,51,"Gewerbeschule",1,"Verheiratetentarif",43,0,238
2013,51,"Gewerbeschule",2,"Einelternfamilientarif",42,0,128
2013,52,"Escher Wyss",0,"Grundtarif",37,2,161
2013,52,"Escher Wyss",1,"Verheiratetentarif",154,21,504
2013,52,"Escher Wyss",2,"Einelternfamilientarif",58,0,223
2013,61,"Unterstrass",0,"Grundtarif",39,2,169
2013,61,"Unterstrass",1,"Verheiratetentarif",172,24,518
2013,61,"Unterstrass",2,"Einelternfamilientarif",35.5,1,173
2013,63,"Oberstrass",0,"Grundtarif",66,9,307
2013,63,"Oberstrass",1,"Verheiratetentarif",486,143,1471
2013,63,"Oberstrass",2,"Einelternfamilientarif",91,18,381
2013,71,"Fluntern",0,"Grundtarif",103,8,601
2013,71,"Fluntern",1,"Verheiratetentarif",802,197,2571
2013,71,"Fluntern",2,"Einelternfamilientarif",122,17,698
2013,72,"Hottingen",0,"Grundtarif",70,6,363
2013,72,"Hottingen",1,"Verheiratetentarif",505.5,121,1706
2013,72,"Hottingen",2,"Einelternfamilientarif",116,17,413
2013,73,"Hirslanden",0,"Grundtarif",59.5,8,274
2013,73,"Hirslanden",1,"Verheiratetentarif",340,84,1313.5
2013,73,"Hirslanden",2,"Einelternfamilientarif",43,1,220
2013,74,"Witikon",0,"Grundtarif",78,7,398
2013,74,"Witikon",1,"Verheiratetentarif",358,84,1224
2013,74,"Witikon",2,"Einelternfamilientarif",45,2,207
2013,81,"Seefeld",0,"Grundtarif",70,7,295.5
2013,81,"Seefeld",1,"Verheiratetentarif",310,79,865
2013,81,"Seefeld",2,"Einelternfamilientarif",44,0,170
2013,82,"Mühlebach",0,"Grundtarif",56,5,260
2013,82,"Mühlebach",1,"Verheiratetentarif",296,57,960
2013,82,"Mühlebach",2,"Einelternfamilientarif",60,1,288
2013,83,"Weinegg",0,"Grundtarif",47,3,252
2013,83,"Weinegg",1,"Verheiratetentarif",333,58,1192
2013,83,"Weinegg",2,"Einelternfamilientarif",58,8,212
2013,91,"Albisrieden",0,"Grundtarif",31,1,151
2013,91,"Albisrieden",1,"Verheiratetentarif",140,15,441.5
2013,91,"Albisrieden",2,"Einelternfamilientarif",21.5,0,121
2013,92,"Altstetten",0,"Grundtarif",15,0,99
2013,92,"Altstetten",1,"Verheiratetentarif",39,0,229
2013,92,"Altstetten",2,"Einelternfamilientarif",0,0,31
2013,101,"Höngg",0,"Grundtarif",54,5,259
2013,101,"Höngg",1,"Verheiratetentarif",257,58,752
2013,101,"Höngg",2,"Einelternfamilientarif",42,0,155
2013,102,"Wipkingen",0,"Grundtarif",33,2,139
2013,102,"Wipkingen",1,"Verheiratetentarif",125.5,9,444
2013,102,"Wipkingen",2,"Einelternfamilientarif",27,0,123
2013,111,"Affoltern",0,"Grundtarif",16,0,94
2013,111,"Affoltern",1,"Verheiratetentarif",61,0,252
2013,111,"Affoltern",2,"Einelternfamilientarif",3,0,48
2013,115,"Oerlikon",0,"Grundtarif",32,1,148
2013,115,"Oerlikon",1,"Verheiratetentarif",123,6,451
2013,115,"Oerlikon",2,"Einelternfamilientarif",12,0,91
2013,119,"Seebach",0,"Grundtarif",13,0,92
2013,119,"Seebach",1,"Verheiratetentarif",49,0,251
2013,119,"Seebach",2,"Einelternfamilientarif",0,0,22
2013,121,"Saatlen",0,"Grundtarif",10,0,64
2013,121,"Saatlen",1,"Verheiratetentarif",28,0,173
2013,121,"Saatlen",2,"Einelternfamilientarif",1,0,29
2013,122,"Schwamendingen-Mitte",0,"Grundtarif",9,0,77
2013,122,"Schwamendingen-Mitte",1,"Verheiratetentarif",17.5,0,183
2013,122,"Schwamendingen-Mitte",2,"Einelternfamilientarif",0,0,10
2013,123,"Hirzenbach",0,"Grundtarif",11,0,67
2013,123,"Hirzenbach",1,"Verheiratetentarif",21,0,146
2013,123,"Hirzenbach",2,"Einelternfamilientarif",0,0,10
2014,11,"Rathaus",0,"Grundtarif",42,1,246.5
2014,11,"Rathaus",1,"Verheiratetentarif",334,62,1251
2014,11,"Rathaus",2,"Einelternfamilientarif",71,3,315
2014,12,"Hochschulen",0,"Grundtarif",46,5,333
2014,12,"Hochschulen",1,"Verheiratetentarif",455.5,90,1719
2014,12,"Hochschulen",2,"Einelternfamilientarif",,,
2014,13,"Lindenhof",0,"Grundtarif",79.5,3.5,428.5
2014,13,"Lindenhof",1,"Verheiratetentarif",498,108,2287
2014,13,"Lindenhof",2,"Einelternfamilientarif",,,
2014,14,"City",0,"Grundtarif",19,0,112
2014,14,"City",1,"Verheiratetentarif",205,24,876
2014,14,"City",2,"Einelternfamilientarif",,,
2014,21,"Wollishofen",0,"Grundtarif",38,3,195
2014,21,"Wollishofen",1,"Verheiratetentarif",201,38,614
2014,21,"Wollishofen",2,"Einelternfamilientarif",25,1,116
2014,23,"Leimbach",0,"Grundtarif",25,0,143.5
2014,23,"Leimbach",1,"Verheiratetentarif",100,8,378
2014,23,"Leimbach",2,"Einelternfamilientarif",6.5,0,61.5
2014,24,"Enge",0,"Grundtarif",61,4,317
2014,24,"Enge",1,"Verheiratetentarif",326.5,73,1164
2014,24,"Enge",2,"Einelternfamilientarif",51,1,235.5
2014,31,"Alt-Wiedikon",0,"Grundtarif",36,1,168
2014,31,"Alt-Wiedikon",1,"Verheiratetentarif",141.5,8,470
2014,31,"Alt-Wiedikon",2,"Einelternfamilientarif",35,0,192
2014,33,"Friesenberg",0,"Grundtarif",18,0,92
2014,33,"Friesenberg",1,"Verheiratetentarif",94,9,296
2014,33,"Friesenberg",2,"Einelternfamilientarif",19,0,83
2014,34,"Sihlfeld",0,"Grundtarif",23,0,111
2014,34,"Sihlfeld",1,"Verheiratetentarif",45,0,234
2014,34,"Sihlfeld",2,"Einelternfamilientarif",12,0,82
2014,41,"Werd",0,"Grundtarif",29,0,133
2014,41,"Werd",1,"Verheiratetentarif",80,0,366
2014,41,"Werd",2,"Einelternfamilientarif",40.5,5,151
2014,42,"Langstrasse",0,"Grundtarif",12,0,79
2014,42,"Langstrasse",1,"Verheiratetentarif",21,0,195
2014,42,"Langstrasse",2,"Einelternfamilientarif",9,0,125
2014,44,"Hard",0,"Grundtarif",9,0,61
2014,44,"Hard",1,"Verheiratetentarif",5,0,81
2014,44,"Hard",2,"Einelternfamilientarif",0,0,35.7
2014,51,"Gewerbeschule",0,"Grundtarif",20,0,102
2014,51,"Gewerbeschule",1,"Verheiratetentarif",49,0,250.5
2014,51,"Gewerbeschule",2,"Einelternfamilientarif",28,0,139
2014,52,"Escher Wyss",0,"Grundtarif",37,2,159
2014,52,"Escher Wyss",1,"Verheiratetentarif",185.5,40,584
2014,52,"Escher Wyss",2,"Einelternfamilientarif",50,0,222
2014,61,"Unterstrass",0,"Grundtarif",39,2,169
2014,61,"Unterstrass",1,"Verheiratetentarif",170,25,525
2014,61,"Unterstrass",2,"Einelternfamilientarif",40,0,183
2014,63,"Oberstrass",0,"Grundtarif",63,7,310
2014,63,"Oberstrass",1,"Verheiratetentarif",456.5,130,1410
2014,63,"Oberstrass",2,"Einelternfamilientarif",108,22,440
2014,71,"Fluntern",0,"Grundtarif",100,7,599
2014,71,"Fluntern",1,"Verheiratetentarif",781,192,2486
2014,71,"Fluntern",2,"Einelternfamilientarif",112.5,9,750
2014,72,"Hottingen",0,"Grundtarif",72,7,386
2014,72,"Hottingen",1,"Verheiratetentarif",508,120.5,1698.5
2014,72,"Hottingen",2,"Einelternfamilientarif",141,22,428
2014,73,"Hirslanden",0,"Grundtarif",61,8,296
2014,73,"Hirslanden",1,"Verheiratetentarif",364.5,89,1283
2014,73,"Hirslanden",2,"Einelternfamilientarif",42.5,1,273
2014,74,"Witikon",0,"Grundtarif",77,7,401
2014,74,"Witikon",1,"Verheiratetentarif",352,82,1201
2014,74,"Witikon",2,"Einelternfamilientarif",42,3,209
2014,81,"Seefeld",0,"Grundtarif",71,6,295.5
2014,81,"Seefeld",1,"Verheiratetentarif",344,86,904
2014,81,"Seefeld",2,"Einelternfamilientarif",70.5,2,309
2014,82,"Mühlebach",0,"Grundtarif",52,3,275
2014,82,"Mühlebach",1,"Verheiratetentarif",319,73,1048
2014,82,"Mühlebach",2,"Einelternfamilientarif",63,1,300
2014,83,"Weinegg",0,"Grundtarif",51,4,273.5
2014,83,"Weinegg",1,"Verheiratetentarif",323,60,1129
2014,83,"Weinegg",2,"Einelternfamilientarif",57.5,7,282
2014,91,"Albisrieden",0,"Grundtarif",33,1,159
2014,91,"Albisrieden",1,"Verheiratetentarif",140,15,438
2014,91,"Albisrieden",2,"Einelternfamilientarif",20,0,111
2014,92,"Altstetten",0,"Grundtarif",15,0,98
2014,92,"Altstetten",1,"Verheiratetentarif",42,0,233
2014,92,"Altstetten",2,"Einelternfamilientarif",1,0,31.5
2014,101,"Höngg",0,"Grundtarif",53,5,265
2014,101,"Höngg",1,"Verheiratetentarif",262,59,741
2014,101,"Höngg",2,"Einelternfamilientarif",35,0,158
2014,102,"Wipkingen",0,"Grundtarif",33,1,145
2014,102,"Wipkingen",1,"Verheiratetentarif",137,15,459
2014,102,"Wipkingen",2,"Einelternfamilientarif",29,0,129
2014,111,"Affoltern",0,"Grundtarif",16,0,97
2014,111,"Affoltern",1,"Verheiratetentarif",63,0,257
2014,111,"Affoltern",2,"Einelternfamilientarif",3,0,36
2014,115,"Oerlikon",0,"Grundtarif",32,0,157
2014,115,"Oerlikon",1,"Verheiratetentarif",131,8,464
2014,115,"Oerlikon",2,"Einelternfamilientarif",11,0,99
2014,119,"Seebach",0,"Grundtarif",13,0,92
2014,119,"Seebach",1,"Verheiratetentarif",50,0,253
2014,119,"Seebach",2,"Einelternfamilientarif",1,0,30
2014,121,"Saatlen",0,"Grundtarif",8,0,64
2014,121,"Saatlen",1,"Verheiratetentarif",29,0,172
2014,121,"Saatlen",2,"Einelternfamilientarif",0,0,30
2014,122,"Schwamendingen-Mitte",0,"Grundtarif",10,0,80
2014,122,"Schwamendingen-Mitte",1,"Verheiratetentarif",14,0,178
2014,122,"Schwamendingen-Mitte",2,"Einelternfamilientarif",0,0,7
2014,123,"Hirzenbach",0,"Grundtarif",10,0,65
2014,123,"Hirzenbach",1,"Verheiratetentarif",22,0,145
2014,123,"Hirzenbach",2,"Einelternfamilientarif",0,0,11
2015,11,"Rathaus",0,"Grundtarif",45,1,258
2015,11,"Rathaus",1,"Verheiratetentarif",331,55,1324
2015,11,"Rathaus",2,"Einelternfamilientarif",80.5,8.5,363
2015,12,"Hochschulen",0,"Grundtarif",56,8,401
2015,12,"Hochschulen",1,"Verheiratetentarif",514,128,1778
2015,12,"Hochschulen",2,"Einelternfamilientarif",,,
2015,13,"Lindenhof",0,"Grundtarif",89.5,5.5,420
2015,13,"Lindenhof",1,"Verheiratetentarif",432.5,100,1667.5
2015,13,"Lindenhof",2,"Einelternfamilientarif",,,
2015,14,"City",0,"Grundtarif",21,0,112
2015,14,"City",1,"Verheiratetentarif",202,32,923
2015,14,"City",2,"Einelternfamilientarif",,,
2015,21,"Wollishofen",0,"Grundtarif",39,3,203.5
2015,21,"Wollishofen",1,"Verheiratetentarif",206.5,41,614
2015,21,"Wollishofen",2,"Einelternfamilientarif",26.5,0,133
2015,23,"Leimbach",0,"Grundtarif",24,0,130
2015,23,"Leimbach",1,"Verheiratetentarif",98.5,8,379
2015,23,"Leimbach",2,"Einelternfamilientarif",4,0,43.5
2015,24,"Enge",0,"Grundtarif",65,5,327
2015,24,"Enge",1,"Verheiratetentarif",329,72,1139
2015,24,"Enge",2,"Einelternfamilientarif",56.5,3.5,219
2015,31,"Alt-Wiedikon",0,"Grundtarif",38,2,171
2015,31,"Alt-Wiedikon",1,"Verheiratetentarif",150,11,482
2015,31,"Alt-Wiedikon",2,"Einelternfamilientarif",50,2,245
2015,33,"Friesenberg",0,"Grundtarif",19,0,98
2015,33,"Friesenberg",1,"Verheiratetentarif",96,9,301
2015,33,"Friesenberg",2,"Einelternfamilientarif",20,0,94
2015,34,"Sihlfeld",0,"Grundtarif",24,0,114
2015,34,"Sihlfeld",1,"Verheiratetentarif",49,0,231.5
2015,34,"Sihlfeld",2,"Einelternfamilientarif",14,0,88
2015,41,"Werd",0,"Grundtarif",27,0,129
2015,41,"Werd",1,"Verheiratetentarif",81,1,363
2015,41,"Werd",2,"Einelternfamilientarif",39,0,156
2015,42,"Langstrasse",0,"Grundtarif",14,0,83.5
2015,42,"Langstrasse",1,"Verheiratetentarif",25.5,0,196.5
2015,42,"Langstrasse",2,"Einelternfamilientarif",8,0,105
2015,44,"Hard",0,"Grundtarif",9,0,63
2015,44,"Hard",1,"Verheiratetentarif",7,0,87
2015,44,"Hard",2,"Einelternfamilientarif",1,0,34
2015,51,"Gewerbeschule",0,"Grundtarif",21,0,105
2015,51,"Gewerbeschule",1,"Verheiratetentarif",51.5,0,275
2015,51,"Gewerbeschule",2,"Einelternfamilientarif",35,0,141
2015,52,"Escher Wyss",0,"Grundtarif",39,2,164
2015,52,"Escher Wyss",1,"Verheiratetentarif",220.5,49.5,655.5
2015,52,"Escher Wyss",2,"Einelternfamilientarif",49,0,241
2015,61,"Unterstrass",0,"Grundtarif",40,2,167
2015,61,"Unterstrass",1,"Verheiratetentarif",183,30,530
2015,61,"Unterstrass",2,"Einelternfamilientarif",36,0,185.5
2015,63,"Oberstrass",0,"Grundtarif",62,5,307
2015,63,"Oberstrass",1,"Verheiratetentarif",471.5,128.5,1429
2015,63,"Oberstrass",2,"Einelternfamilientarif",110,19,418
2015,71,"Fluntern",0,"Grundtarif",102,9,602
2015,71,"Fluntern",1,"Verheiratetentarif",819,195,2494
2015,71,"Fluntern",2,"Einelternfamilientarif",132,10,769
2015,72,"Hottingen",0,"Grundtarif",73,7,384
2015,72,"Hottingen",1,"Verheiratetentarif",525,130,1625
2015,72,"Hottingen",2,"Einelternfamilientarif",128,18,452
2015,73,"Hirslanden",0,"Grundtarif",59,8,297
2015,73,"Hirslanden",1,"Verheiratetentarif",387,104,1273
2015,73,"Hirslanden",2,"Einelternfamilientarif",61.5,8,311
2015,74,"Witikon",0,"Grundtarif",72,5,389
2015,74,"Witikon",1,"Verheiratetentarif",364,82,1234
2015,74,"Witikon",2,"Einelternfamilientarif",54,3,232
2015,81,"Seefeld",0,"Grundtarif",70,6,294
2015,81,"Seefeld",1,"Verheiratetentarif",352,88.5,1000
2015,81,"Seefeld",2,"Einelternfamilientarif",90,7,372
2015,82,"Mühlebach",0,"Grundtarif",56,4,272
2015,82,"Mühlebach",1,"Verheiratetentarif",339,87,1097.5
2015,82,"Mühlebach",2,"Einelternfamilientarif",53.5,1,237.5
2015,83,"Weinegg",0,"Grundtarif",52,3,269
2015,83,"Weinegg",1,"Verheiratetentarif",322,57,1217
2015,83,"Weinegg",2,"Einelternfamilientarif",53,2,293
2015,91,"Albisrieden",0,"Grundtarif",34,1,159
2015,91,"Albisrieden",1,"Verheiratetentarif",143,17,448
2015,91,"Albisrieden",2,"Einelternfamilientarif",18,0,108
2015,92,"Altstetten",0,"Grundtarif",16,0,98
2015,92,"Altstetten",1,"Verheiratetentarif",44,0,240
2015,92,"Altstetten",2,"Einelternfamilientarif",3,0,41.5
2015,101,"Höngg",0,"Grundtarif",52,5,260
2015,101,"Höngg",1,"Verheiratetentarif",257.5,59,756.5
2015,101,"Höngg",2,"Einelternfamilientarif",39.5,0,166
2015,102,"Wipkingen",0,"Grundtarif",34,2,150
2015,102,"Wipkingen",1,"Verheiratetentarif",143,16,470
2015,102,"Wipkingen",2,"Einelternfamilientarif",41,0,151
2015,111,"Affoltern",0,"Grundtarif",17,0,97
2015,111,"Affoltern",1,"Verheiratetentarif",67,1,266
2015,111,"Affoltern",2,"Einelternfamilientarif",2,0,36
2015,115,"Oerlikon",0,"Grundtarif",32,0,158
2015,115,"Oerlikon",1,"Verheiratetentarif",134,8,463
2015,115,"Oerlikon",2,"Einelternfamilientarif",12,0,135
2015,119,"Seebach",0,"Grundtarif",14,0,95
2015,119,"Seebach",1,"Verheiratetentarif",52,0,251.5
2015,119,"Seebach",2,"Einelternfamilientarif",1,0,36
2015,121,"Saatlen",0,"Grundtarif",11,0,71
2015,121,"Saatlen",1,"Verheiratetentarif",31,0,175.5
2015,121,"Saatlen",2,"Einelternfamilientarif",2,0,31
2015,122,"Schwamendingen-Mitte",0,"Grundtarif",11,0,80
2015,122,"Schwamendingen-Mitte",1,"Verheiratetentarif",17,0,178
2015,122,"Schwamendingen-Mitte",2,"Einelternfamilientarif",0,0,9.5
2015,123,"Hirzenbach",0,"Grundtarif",11,0,66
2015,123,"Hirzenbach",1,"Verheiratetentarif",21,0,140.5
2015,123,"Hirzenbach",2,"Einelternfamilientarif",0,0,12
2016,11,"Rathaus",0,"Grundtarif",44,0,265
2016,11,"Rathaus",1,"Verheiratetentarif",368.5,66,1438
2016,11,"Rathaus",2,"Einelternfamilientarif",110,5.5,291
2016,12,"Hochschulen",0,"Grundtarif",51,4,308
2016,12,"Hochschulen",1,"Verheiratetentarif",595,197,2215
2016,12,"Hochschulen",2,"Einelternfamilientarif",,,
2016,13,"Lindenhof",0,"Grundtarif",75,3,398
2016,13,"Lindenhof",1,"Verheiratetentarif",538,117,1563.5
2016,13,"Lindenhof",2,"Einelternfamilientarif",,,
2016,14,"City",0,"Grundtarif",26,1,130
2016,14,"City",1,"Verheiratetentarif",177.5,24,859
2016,14,"City",2,"Einelternfamilientarif",,,
2016,21,"Wollishofen",0,"Grundtarif",42,3,202
2016,21,"Wollishofen",1,"Verheiratetentarif",213.5,44,646
2016,21,"Wollishofen",2,"Einelternfamilientarif",29,1,153
2016,23,"Leimbach",0,"Grundtarif",25,0,143
2016,23,"Leimbach",1,"Verheiratetentarif",115,12,401
2016,23,"Leimbach",2,"Einelternfamilientarif",3.5,0,46
2016,24,"Enge",0,"Grundtarif",72,6,328
2016,24,"Enge",1,"Verheiratetentarif",331.5,59,1138
2016,24,"Enge",2,"Einelternfamilientarif",69,0,271
2016,31,"Alt-Wiedikon",0,"Grundtarif",39,2,172
2016,31,"Alt-Wiedikon",1,"Verheiratetentarif",171.5,22,529.5
2016,31,"Alt-Wiedikon",2,"Einelternfamilientarif",63,2,257
2016,33,"Friesenberg",0,"Grundtarif",20,0,105
2016,33,"Friesenberg",1,"Verheiratetentarif",113,12,316
2016,33,"Friesenberg",2,"Einelternfamilientarif",27.5,0,101
2016,34,"Sihlfeld",0,"Grundtarif",25,0,118
2016,34,"Sihlfeld",1,"Verheiratetentarif",62,0,265
2016,34,"Sihlfeld",2,"Einelternfamilientarif",17,0,100
2016,41,"Werd",0,"Grundtarif",29,0,122
2016,41,"Werd",1,"Verheiratetentarif",101,5,409
2016,41,"Werd",2,"Einelternfamilientarif",77,6,184
2016,42,"Langstrasse",0,"Grundtarif",17,0,90
2016,42,"Langstrasse",1,"Verheiratetentarif",53,0,264
2016,42,"Langstrasse",2,"Einelternfamilientarif",16.5,0,135.5
2016,44,"Hard",0,"Grundtarif",10,0,68
2016,44,"Hard",1,"Verheiratetentarif",16,0,113
2016,44,"Hard",2,"Einelternfamilientarif",1,0,50
2016,51,"Gewerbeschule",0,"Grundtarif",22,0,115
2016,51,"Gewerbeschule",1,"Verheiratetentarif",78,0.5,297.5
2016,51,"Gewerbeschule",2,"Einelternfamilientarif",37,2,178
2016,52,"Escher Wyss",0,"Grundtarif",43,3,181
2016,52,"Escher Wyss",1,"Verheiratetentarif",242,51,676
2016,52,"Escher Wyss",2,"Einelternfamilientarif",71.5,3,279
2016,61,"Unterstrass",0,"Grundtarif",41,3,174.5
2016,61,"Unterstrass",1,"Verheiratetentarif",199,35,562
2016,61,"Unterstrass",2,"Einelternfamilientarif",43,1,169
2016,63,"Oberstrass",0,"Grundtarif",67,8,312
2016,63,"Oberstrass",1,"Verheiratetentarif",508,149,1457
2016,63,"Oberstrass",2,"Einelternfamilientarif",142.5,26,490
2016,71,"Fluntern",0,"Grundtarif",98.5,10,551
2016,71,"Fluntern",1,"Verheiratetentarif",822,198,2421
2016,71,"Fluntern",2,"Einelternfamilientarif",152,12,732
2016,72,"Hottingen",0,"Grundtarif",75,8,403
2016,72,"Hottingen",1,"Verheiratetentarif",535,142,1710
2016,72,"Hottingen",2,"Einelternfamilientarif",138,23,478
2016,73,"Hirslanden",0,"Grundtarif",61,8,298
2016,73,"Hirslanden",1,"Verheiratetentarif",394,101,1330
2016,73,"Hirslanden",2,"Einelternfamilientarif",73,6.5,357
2016,74,"Witikon",0,"Grundtarif",74,6,397
2016,74,"Witikon",1,"Verheiratetentarif",364,81,1221
2016,74,"Witikon",2,"Einelternfamilientarif",55,5,234
2016,81,"Seefeld",0,"Grundtarif",70,6,303
2016,81,"Seefeld",1,"Verheiratetentarif",349,85,1054
2016,81,"Seefeld",2,"Einelternfamilientarif",84,7,363
2016,82,"Mühlebach",0,"Grundtarif",54,4,278
2016,82,"Mühlebach",1,"Verheiratetentarif",356,86,1111
2016,82,"Mühlebach",2,"Einelternfamilientarif",64,6,216
2016,83,"Weinegg",0,"Grundtarif",55,4,269
2016,83,"Weinegg",1,"Verheiratetentarif",335,65,1166
2016,83,"Weinegg",2,"Einelternfamilientarif",75,16,381
2016,91,"Albisrieden",0,"Grundtarif",34,1,157
2016,91,"Albisrieden",1,"Verheiratetentarif",149,21,443
2016,91,"Albisrieden",2,"Einelternfamilientarif",24.5,0,140.5
2016,92,"Altstetten",0,"Grundtarif",18,0,107
2016,92,"Altstetten",1,"Verheiratetentarif",57,0,257
2016,92,"Altstetten",2,"Einelternfamilientarif",4,0,57
2016,101,"Höngg",0,"Grundtarif",53,5,267
2016,101,"Höngg",1,"Verheiratetentarif",258,62,761
2016,101,"Höngg",2,"Einelternfamilientarif",50,2,190
2016,102,"Wipkingen",0,"Grundtarif",37,2,154
2016,102,"Wipkingen",1,"Verheiratetentarif",164.5,24,540
2016,102,"Wipkingen",2,"Einelternfamilientarif",47,1,166
2016,111,"Affoltern",0,"Grundtarif",16,0,101
2016,111,"Affoltern",1,"Verheiratetentarif",71,2,278
2016,111,"Affoltern",2,"Einelternfamilientarif",4,0,45
2016,115,"Oerlikon",0,"Grundtarif",33,1,158
2016,115,"Oerlikon",1,"Verheiratetentarif",146,14,497
2016,115,"Oerlikon",2,"Einelternfamilientarif",19,0,146
2016,119,"Seebach",0,"Grundtarif",15,0,98
2016,119,"Seebach",1,"Verheiratetentarif",58,0,267.5
2016,119,"Seebach",2,"Einelternfamilientarif",2,0,35
2016,121,"Saatlen",0,"Grundtarif",11,0,75
2016,121,"Saatlen",1,"Verheiratetentarif",37,0,196
2016,121,"Saatlen",2,"Einelternfamilientarif",2,0,39
2016,122,"Schwamendingen-Mitte",0,"Grundtarif",11,0,81
2016,122,"Schwamendingen-Mitte",1,"Verheiratetentarif",23,0,213
2016,122,"Schwamendingen-Mitte",2,"Einelternfamilientarif",0,0,11
2016,123,"Hirzenbach",0,"Grundtarif",10,0,64
2016,123,"Hirzenbach",1,"Verheiratetentarif",29,0,160.5
2016,123,"Hirzenbach",2,"Einelternfamilientarif",0,0,15
2017,11,"Rathaus",0,"Grundtarif",38,2,253
2017,11,"Rathaus",1,"Verheiratetentarif",397,84.5,1474.5
2017,11,"Rathaus",2,"Einelternfamilientarif",72,8,474
2017,12,"Hochschulen",0,"Grundtarif",57,4,318
2017,12,"Hochschulen",1,"Verheiratetentarif",546,57,2259
2017,12,"Hochschulen",2,"Einelternfamilientarif",,,
2017,13,"Lindenhof",0,"Grundtarif",76,4,429
2017,13,"Lindenhof",1,"Verheiratetentarif",516.5,128.5,1710
2017,13,"Lindenhof",2,"Einelternfamilientarif",,,
2017,14,"City",0,"Grundtarif",24,0,142
2017,14,"City",1,"Verheiratetentarif",187,31,750
2017,14,"City",2,"Einelternfamilientarif",,,
2017,21,"Wollishofen",0,"Grundtarif",39,3,199
2017,21,"Wollishofen",1,"Verheiratetentarif",216,40,655.5
2017,21,"Wollishofen",2,"Einelternfamilientarif",23,0,130
2017,23,"Leimbach",0,"Grundtarif",26,0,143
2017,23,"Leimbach",1,"Verheiratetentarif",127.5,11,442
2017,23,"Leimbach",2,"Einelternfamilientarif",8,0,72
2017,24,"Enge",0,"Grundtarif",65,5,327
2017,24,"Enge",1,"Verheiratetentarif",374,81,1241
2017,24,"Enge",2,"Einelternfamilientarif",81,2,301
2017,31,"Alt-Wiedikon",0,"Grundtarif",37,2,177
2017,31,"Alt-Wiedikon",1,"Verheiratetentarif",183,26,581
2017,31,"Alt-Wiedikon",2,"Einelternfamilientarif",48,0,278
2017,33,"Friesenberg",0,"Grundtarif",20,0,107
2017,33,"Friesenberg",1,"Verheiratetentarif",116,15,332
2017,33,"Friesenberg",2,"Einelternfamilientarif",22.5,0,103
2017,34,"Sihlfeld",0,"Grundtarif",27,0,124
2017,34,"Sihlfeld",1,"Verheiratetentarif",79,2,309
2017,34,"Sihlfeld",2,"Einelternfamilientarif",18,0,100
2017,41,"Werd",0,"Grundtarif",30,0,133
2017,41,"Werd",1,"Verheiratetentarif",105,4,400
2017,41,"Werd",2,"Einelternfamilientarif",76,11,279
2017,42,"Langstrasse",0,"Grundtarif",18,0,95
2017,42,"Langstrasse",1,"Verheiratetentarif",71,0,350
2017,42,"Langstrasse",2,"Einelternfamilientarif",27,0,138
2017,44,"Hard",0,"Grundtarif",11,0,71.5
2017,44,"Hard",1,"Verheiratetentarif",21,0,135
2017,44,"Hard",2,"Einelternfamilientarif",2,0,51
2017,51,"Gewerbeschule",0,"Grundtarif",22,0,119
2017,51,"Gewerbeschule",1,"Verheiratetentarif",90,1,342
2017,51,"Gewerbeschule",2,"Einelternfamilientarif",27,0,134
2017,52,"Escher Wyss",0,"Grundtarif",47,4,186
2017,52,"Escher Wyss",1,"Verheiratetentarif",248,70,737
2017,52,"Escher Wyss",2,"Einelternfamilientarif",81,4,309
2017,61,"Unterstrass",0,"Grundtarif",40,3,177
2017,61,"Unterstrass",1,"Verheiratetentarif",201,41,590
2017,61,"Unterstrass",2,"Einelternfamilientarif",43,0,176.5
2017,63,"Oberstrass",0,"Grundtarif",66,8,321
2017,63,"Oberstrass",1,"Verheiratetentarif",512,140,1468
2017,63,"Oberstrass",2,"Einelternfamilientarif",117,18,454
2017,71,"Fluntern",0,"Grundtarif",96,9,560
2017,71,"Fluntern",1,"Verheiratetentarif",825,201,2588
2017,71,"Fluntern",2,"Einelternfamilientarif",192,32,674
2017,72,"Hottingen",0,"Grundtarif",76,8,414
2017,72,"Hottingen",1,"Verheiratetentarif",588,152.5,1764
2017,72,"Hottingen",2,"Einelternfamilientarif",146,20,463
2017,73,"Hirslanden",0,"Grundtarif",63,8,308
2017,73,"Hirslanden",1,"Verheiratetentarif",426,107,1347.5
2017,73,"Hirslanden",2,"Einelternfamilientarif",64,5,375.5
2017,74,"Witikon",0,"Grundtarif",75,7,411
2017,74,"Witikon",1,"Verheiratetentarif",378.5,81,1294
2017,74,"Witikon",2,"Einelternfamilientarif",47,2,254
2017,81,"Seefeld",0,"Grundtarif",71,7,311
2017,81,"Seefeld",1,"Verheiratetentarif",397.5,88,1124
2017,81,"Seefeld",2,"Einelternfamilientarif",75,0,348
2017,82,"Mühlebach",0,"Grundtarif",61,4,295
2017,82,"Mühlebach",1,"Verheiratetentarif",404,104,1248
2017,82,"Mühlebach",2,"Einelternfamilientarif",62,1,224
2017,83,"Weinegg",0,"Grundtarif",54,4,282
2017,83,"Weinegg",1,"Verheiratetentarif",313,60,1279
2017,83,"Weinegg",2,"Einelternfamilientarif",91,12,420
2017,91,"Albisrieden",0,"Grundtarif",33,1,155
2017,91,"Albisrieden",1,"Verheiratetentarif",154,24,458
2017,91,"Albisrieden",2,"Einelternfamilientarif",24,0,139.5
2017,92,"Altstetten",0,"Grundtarif",18,0,108
2017,92,"Altstetten",1,"Verheiratetentarif",64,0,290
2017,92,"Altstetten",2,"Einelternfamilientarif",3,0,59
2017,101,"Höngg",0,"Grundtarif",52,5,270
2017,101,"Höngg",1,"Verheiratetentarif",267,65,776
2017,101,"Höngg",2,"Einelternfamilientarif",48,1,204
2017,102,"Wipkingen",0,"Grundtarif",37,2,158
2017,102,"Wipkingen",1,"Verheiratetentarif",184,30,556
2017,102,"Wipkingen",2,"Einelternfamilientarif",54,3,205.5
2017,111,"Affoltern",0,"Grundtarif",17,0,107
2017,111,"Affoltern",1,"Verheiratetentarif",74,1,294
2017,111,"Affoltern",2,"Einelternfamilientarif",3,0,48.5
2017,115,"Oerlikon",0,"Grundtarif",32,1,151
2017,115,"Oerlikon",1,"Verheiratetentarif",165,16,542
2017,115,"Oerlikon",2,"Einelternfamilientarif",24,0,174
2017,119,"Seebach",0,"Grundtarif",14,0,96
2017,119,"Seebach",1,"Verheiratetentarif",58,0,286
2017,119,"Seebach",2,"Einelternfamilientarif",2,0,34
2017,121,"Saatlen",0,"Grundtarif",11,0,70
2017,121,"Saatlen",1,"Verheiratetentarif",41,0,222
2017,121,"Saatlen",2,"Einelternfamilientarif",2.5,0,35.5
2017,122,"Schwamendingen-Mitte",0,"Grundtarif",12,0,88
2017,122,"Schwamendingen-Mitte",1,"Verheiratetentarif",24,0,210
2017,122,"Schwamendingen-Mitte",2,"Einelternfamilientarif",0,0,12
2017,123,"Hirzenbach",0,"Grundtarif",12,0,66
2017,123,"Hirzenbach",1,"Verheiratetentarif",39,0,174.5
2017,123,"Hirzenbach",2,"Einelternfamilientarif",0,0,18
